invoice_id,customer_id,invoice_date,n_lines,total_quantity,invoice_value,avg_unit_qty
INV100000,C00387,2024-02-25,9,20,322.96000000000004,2.2222222222222223
INV100001,C00379,2024-08-16,4,10,198.79,2.5
INV100002,C00252,2024-12-19,2,6,82.97,3.0
INV100003,C00267,2024-05-30,16,39,591.11,2.4375
INV100004,C00295,2024-07-08,4,11,64.97,2.75
INV100005,C00073,2024-10-31,6,18,194.74,3.0
INV100006,C00396,2024-02-13,4,10,82.94,2.5
INV100007,C00098,2024-08-11,1,5,94.8,5.0
INV100008,C00481,2024-07-15,7,21,297.03000000000003,3.0
INV100009,C00086,2024-03-06,4,14,165.57,3.5
INV100010,C00073,2024-04-15,4,15,148.42000000000002,3.75
INV100011,C00054,2024-08-30,1,3,81.66,3.0
INV100012,C00067,2024-08-16,1,4,17.36,4.0
INV100013,C00188,2024-08-04,4,14,192.32,3.5
INV100014,C00047,2024-08-29,14,41,428.25,2.9285714285714284
INV100015,C00127,2024-10-31,4,13,169.01999999999998,3.25
INV100016,C00091,2024-03-25,12,33,288.38,2.75
INV100017,C00007,2024-09-27,2,3,35.45,1.5
INV100018,C00190,2024-10-18,1,2,29.58,2.0
INV100019,C00386,2024-08-08,4,9,208.60999999999999,2.25
INV100020,C00336,2024-10-21,2,6,88.98,3.0
INV100021,C00226,2024-08-31,5,16,227.07,3.2
INV100022,C00206,2024-05-05,5,12,156.45,2.4
INV100023,C00027,2024-04-23,2,7,66.26,3.5
INV100024,C00158,2024-07-28,2,5,115.07000000000001,2.5
INV100025,C00463,2024-11-12,2,6,84.55999999999999,3.0
INV100026,C00020,2024-07-06,10,30,422.21,3.0
INV100027,C00190,2024-09-27,1,3,40.92,3.0
INV100028,C00359,2024-06-14,4,15,195.13,3.75
INV100029,C00020,2024-04-05,4,16,301.89,4.0
INV100030,C00098,2024-10-20,4,16,114.63,4.0
INV100031,C00235,2024-01-19,4,6,53.09,1.5
INV100032,C00390,2024-07-04,4,11,164.63,2.75
INV100033,C00214,2024-04-13,2,7,132.23,3.5
INV100034,C00373,2024-10-22,1,1,9.2,1.0
INV100035,C00432,2024-04-30,7,17,180.88,2.4285714285714284
INV100036,C00150,2024-05-16,4,8,97.07,2.0
INV100037,C00022,2024-06-18,1,2,27.62,2.0
INV100038,C00495,2024-03-14,6,18,308.07,3.0
INV100039,C00050,2024-11-07,1,4,18.52,4.0
INV100040,C00046,2024-05-15,9,23,313.25,2.5555555555555554
INV100041,C00295,2024-07-13,9,29,291.36,3.2222222222222223
INV100042,C00439,2024-01-08,1,2,25.9,2.0
INV100043,C00471,2024-11-29,5,20,230.38,4.0
INV100044,C00104,2024-10-13,4,16,87.62,4.0
INV100045,C00056,2024-05-20,2,5,82.16,2.5
INV100046,C00184,2024-08-02,6,15,185.69,2.5
INV100047,C00123,2024-06-07,4,13,114.76,3.25
INV100048,C00129,2024-07-22,9,32,443.01,3.5555555555555554
INV100049,C00016,2024-01-15,2,8,153.22,4.0
INV100050,C00451,2024-10-02,1,5,65.15,5.0
INV100051,C00474,2024-06-22,1,1,10.02,1.0
INV100052,C00317,2024-03-14,4,17,183.63,4.25
INV100053,C00113,2024-09-17,2,8,102.06,4.0
INV100054,C00325,2024-08-30,4,14,185.94,3.5
INV100055,C00431,2024-10-13,9,25,375.33,2.7777777777777777
INV100056,C00199,2024-03-09,12,43,586.4,3.5833333333333335
INV100057,C00271,2024-11-11,5,17,357.81,3.4
INV100058,C00254,2024-09-11,4,11,132.77,2.75
INV100059,C00001,2024-03-22,4,11,222.18,2.75
INV100060,C00179,2024-05-13,1,5,51.55,5.0
INV100061,C00373,2024-03-03,6,19,233.42,3.1666666666666665
INV100062,C00447,2024-12-09,5,16,190.14,3.2
INV100063,C00272,2024-02-10,10,23,244.45,2.3
INV100064,C00281,2024-11-12,2,10,86.55,5.0
INV100065,C00381,2024-10-17,2,6,72.34,3.0
INV100066,C00333,2024-06-03,4,9,138.26,2.25
INV100067,C00189,2024-08-31,9,28,580.0400000000001,3.111111111111111
INV100068,C00055,2024-04-04,1,1,10.9,1.0
INV100069,C00045,2024-06-21,1,5,107.1,5.0
INV100070,C00050,2024-03-12,4,11,246.03,2.75
INV100071,C00190,2024-05-24,4,14,161.44,3.5
INV100072,C00020,2024-09-21,13,43,598.22,3.3076923076923075
INV100073,C00074,2024-09-04,2,6,68.39,3.0
INV100074,C00481,2024-03-30,4,15,310.34,3.75
INV100075,C00415,2024-04-26,2,5,94.84,2.5
INV100076,C00028,2024-10-06,6,13,191.35,2.1666666666666665
INV100077,C00396,2024-03-24,43,1103,13004.75,25.651162790697676
INV100078,C00111,2024-11-26,2,9,234.8,4.5
INV100079,C00444,2024-09-05,1,1,17.36,1.0
INV100080,C00197,2024-07-02,4,12,132.01,3.0
INV100081,C00326,2024-04-20,2,2,12.870000000000001,1.0
INV100082,C00096,2024-06-16,2,7,63.489999999999995,3.5
INV100083,C00429,2024-05-23,1,2,40.44,2.0
INV100084,C00328,2024-01-25,1,1,18.11,1.0
INV100085,C00176,2024-12-01,2,6,88.99000000000001,3.0
INV100086,C00367,2024-08-03,1,5,35.1,5.0
INV100087,C00345,2024-03-08,1,3,45.15,3.0
INV100088,C00470,2024-11-08,7,15,149.75,2.142857142857143
INV100089,C00468,2024-09-27,2,6,107.77000000000001,3.0
INV100090,C00173,2024-05-07,2,3,11.64,1.5
INV100091,C00134,2024-06-05,9,34,400.32,3.7777777777777777
INV100092,C00147,2024-03-23,12,37,660.6800000000001,3.0833333333333335
INV100093,C00329,2024-09-12,1,3,45.57,3.0
INV100094,C00134,2024-10-14,2,5,78.52,2.5
INV100095,C00372,2024-07-28,4,12,169.24,3.0
INV100096,C00028,2024-10-04,6,22,274.25,3.6666666666666665
INV100097,C00307,2024-06-28,4,16,189.60999999999999,4.0
INV100098,C00266,2024-09-26,7,22,211.89999999999998,3.142857142857143
INV100099,C00156,2024-09-01,3,9,342.85,3.0
INV100100,C00079,2024-04-22,4,9,137.01999999999998,2.25
INV100101,C00067,2024-10-29,4,14,263.69,3.5
INV100102,C00446,2024-06-30,4,13,176.92,3.25
INV100103,C00401,2024-06-24,2,6,51.85,3.0
INV100104,C00464,2024-09-19,1,1,10.21,1.0
INV100105,C00162,2024-12-27,1,5,128.55,5.0
INV100106,C00446,2024-07-23,7,19,276.21000000000004,2.7142857142857144
INV100107,C00143,2024-12-15,9,28,521.4599999999999,3.111111111111111
INV100108,C00347,2024-10-08,3,13,263.32,4.333333333333333
INV100109,C00289,2024-05-06,9,30,525.77,3.3333333333333335
INV100110,C00074,2024-07-03,28,765,9500.62,27.321428571428573
INV100111,C00383,2024-09-08,14,37,507.71000000000004,2.642857142857143
INV100112,C00336,2024-04-02,2,8,73.74000000000001,4.0
INV100113,C00135,2024-09-05,5,12,223.7,2.4
INV100114,C00409,2024-06-30,2,4,17.380000000000003,2.0
INV100115,C00196,2024-08-26,2,6,62.66,3.0
INV100116,C00446,2024-06-06,7,23,268.31,3.2857142857142856
INV100117,C00289,2024-03-26,2,5,71.31,2.5
INV100118,C00475,2024-07-08,1,3,56.46,3.0
INV100119,C00147,2024-12-20,2,4,26.159999999999997,2.0
INV100120,C00220,2024-05-12,12,42,685.05,3.5
INV100121,C00222,2024-07-22,2,5,59.69,2.5
INV100122,C00038,2024-08-12,4,9,145.59,2.25
INV100123,C00123,2024-08-29,13,34,481.95,2.6153846153846154
INV100124,C00397,2024-09-01,2,8,144.52,4.0
INV100125,C00469,2024-09-29,1,2,10.2,2.0
INV100126,C00214,2024-06-20,1,3,35.73,3.0
INV100127,C00276,2024-08-30,5,16,149.1,3.2
INV100128,C00334,2024-06-05,2,7,44.900000000000006,3.5
INV100129,C00307,2024-07-16,1,1,7.38,1.0
INV100130,C00347,2024-11-07,3,9,113.06,3.0
INV100131,C00206,2024-09-11,7,29,495.96000000000004,4.142857142857143
INV100132,C00152,2024-07-03,9,28,257.19,3.111111111111111
INV100133,C00463,2024-04-25,4,9,162.64,2.25
INV100134,C00251,2024-07-14,3,8,159.53,2.6666666666666665
INV100135,C00478,2024-06-06,7,15,166.28,2.142857142857143
INV100136,C00071,2024-06-18,2,9,70.77000000000001,4.5
INV100137,C00040,2024-09-09,1,3,75.96,3.0
INV100138,C00493,2024-06-25,1,1,9.29,1.0
INV100139,C00227,2024-08-04,8,27,373.17,3.375
INV100140,C00041,2024-05-19,12,35,374.64,2.9166666666666665
INV100141,C00369,2024-04-04,5,20,380.2,4.0
INV100142,C00091,2024-07-13,1,3,55.95,3.0
INV100143,C00333,2024-07-02,7,19,320.19,2.7142857142857144
INV100144,C00158,2024-05-03,4,12,100.08,3.0
INV100145,C00420,2024-03-12,4,15,261.46000000000004,3.75
INV100146,C00459,2024-12-03,1,3,32.7,3.0
INV100147,C00433,2024-04-06,1,2,12.76,2.0
INV100148,C00237,2024-08-02,3,3,47.3,1.0
INV100149,C00226,2024-04-28,4,13,201.43,3.25
INV100150,C00145,2024-04-05,5,13,128.04,2.6
INV100151,C00037,2024-02-09,7,20,221.23,2.857142857142857
INV100152,C00100,2024-03-07,4,9,186.52,2.25
INV100153,C00074,2024-04-01,3,5,40.69,1.6666666666666667
INV100154,C00194,2024-12-08,5,13,100.53,2.6
INV100155,C00033,2024-11-11,6,17,193.93,2.8333333333333335
INV100156,C00434,2024-04-07,3,13,325.78999999999996,4.333333333333333
INV100157,C00038,2024-06-21,9,26,348.51,2.888888888888889
INV100158,C00001,2024-09-29,9,24,298.68,2.6666666666666665
INV100159,C00014,2024-07-15,9,33,533.73,3.6666666666666665
INV100160,C00487,2024-09-28,4,10,104.16,2.5
INV100161,C00097,2024-06-08,4,9,147.44,2.25
INV100162,C00334,2024-01-25,6,17,277.57,2.8333333333333335
INV100163,C00024,2024-01-13,1,1,15.78,1.0
INV100164,C00259,2024-10-23,3,9,171.48999999999998,3.0
INV100165,C00456,2024-05-17,8,21,161.32999999999998,2.625
INV100166,C00334,2024-11-21,1,4,23.68,4.0
INV100167,C00211,2024-03-03,1,2,30.74,2.0
INV100168,C00495,2024-09-15,1,5,33.0,5.0
INV100169,C00336,2024-02-26,5,20,213.71999999999997,4.0
INV100170,C00498,2024-08-01,5,17,220.83999999999997,3.4
INV100171,C00386,2024-08-01,2,7,88.69,3.5
INV100172,C00147,2024-05-05,14,41,716.64,2.9285714285714284
INV100173,C00033,2024-04-25,3,8,88.91,2.6666666666666665
INV100174,C00411,2024-08-14,5,17,443.17,3.4
INV100175,C00348,2024-07-08,12,44,701.38,3.6666666666666665
INV100176,C00049,2024-04-01,2,6,120.53999999999999,3.0
INV100177,C00261,2024-09-12,3,5,43.93,1.6666666666666667
INV100178,C00160,2024-06-08,1,3,24.0,3.0
INV100179,C00001,2024-08-22,7,21,259.22,3.0
INV100180,C00351,2024-04-10,4,12,299.21,3.0
INV100181,C00069,2024-10-20,5,18,387.32,3.6
INV100182,C00343,2024-08-31,5,14,195.13,2.8
INV100183,C00316,2024-03-15,2,7,107.99,3.5
INV100184,C00316,2024-10-17,4,10,77.94,2.5
INV100185,C00062,2024-03-16,1,1,14.79,1.0
INV100186,C00224,2024-06-20,10,28,557.83,2.8
INV100187,C00198,2024-08-12,2,8,92.68,4.0
INV100188,C00151,2024-06-12,4,10,94.05,2.5
INV100189,C00241,2024-11-21,2,8,82.0,4.0
INV100190,C00377,2024-04-19,7,23,481.42,3.2857142857142856
INV100191,C00090,2024-09-20,4,10,109.63,2.5
INV100192,C00134,2024-12-12,8,24,211.82000000000002,3.0
INV100193,C00133,2024-10-27,3,10,110.0,3.3333333333333335
INV100194,C00280,2024-04-13,4,15,120.13,3.75
INV100195,C00112,2024-07-18,4,16,310.31,4.0
INV100196,C00365,2024-02-01,2,7,197.91000000000003,3.5
INV100197,C00159,2024-06-17,2,8,38.27,4.0
INV100198,C00237,2024-02-14,4,16,187.97,4.0
INV100199,C00435,2024-03-14,8,19,230.88,2.375
INV100200,C00245,2024-04-12,2,9,105.45,4.5
INV100201,C00156,2024-10-31,28,799,10089.76,28.535714285714285
INV100202,C00313,2024-10-20,1,5,28.75,5.0
INV100203,C00022,2024-05-22,4,11,227.33,2.75
INV100204,C00114,2024-06-26,2,3,17.24,1.5
INV100205,C00278,2024-05-09,1,2,38.8,2.0
INV100206,C00321,2024-09-25,4,15,333.31,3.75
INV100207,C00295,2024-11-03,9,31,536.34,3.4444444444444446
INV100208,C00418,2024-02-25,8,22,276.16,2.75
INV100209,C00106,2024-07-04,3,9,151.6,3.0
INV100210,C00320,2024-07-03,8,25,257.19,3.125
INV100211,C00207,2024-11-17,1,4,68.4,4.0
INV100212,C00322,2024-08-25,1,3,69.06,3.0
INV100213,C00268,2024-05-16,1,1,10.79,1.0
INV100214,C00269,2024-05-19,4,12,268.21,3.0
INV100215,C00229,2024-06-19,1,5,36.6,5.0
INV100216,C00120,2024-10-22,2,2,13.18,1.0
INV100217,C00047,2024-09-16,4,12,172.13,3.0
INV100218,C00366,2024-03-19,2,7,53.78,3.5
INV100219,C00230,2024-08-16,2,8,67.81,4.0
INV100220,C00444,2024-03-09,4,12,226.39000000000001,3.0
INV100221,C00444,2024-03-02,5,18,189.69,3.6
INV100222,C00312,2024-01-19,4,10,130.35999999999999,2.5
INV100223,C00326,2024-11-14,4,10,123.65,2.5
INV100224,C00040,2024-08-22,3,8,138.16,2.6666666666666665
INV100225,C00078,2024-02-18,4,13,186.37,3.25
INV100226,C00342,2024-10-13,12,36,278.05,3.0
INV100227,C00125,2024-07-11,4,12,171.16,3.0
INV100228,C00196,2024-02-08,4,9,65.28,2.25
INV100229,C00377,2024-06-04,4,10,133.82,2.5
INV100230,C00194,2024-10-17,33,901,8726.35,27.303030303030305
INV100231,C00000,2024-07-25,3,11,82.75,3.6666666666666665
INV100232,C00435,2024-05-26,1,3,17.25,3.0
INV100233,C00052,2024-05-06,7,19,207.88,2.7142857142857144
INV100234,C00123,2024-05-06,4,12,149.36,3.0
INV100235,C00147,2024-10-19,9,27,344.73,3.0
INV100236,C00466,2024-10-24,2,8,106.18,4.0
INV100237,C00071,2024-12-13,12,35,609.8,2.9166666666666665
INV100238,C00237,2024-08-17,2,6,62.82,3.0
INV100239,C00365,2024-08-23,10,29,472.84000000000003,2.9
INV100240,C00052,2024-10-09,12,34,368.17,2.8333333333333335
INV100241,C00061,2024-04-21,6,20,293.52,3.3333333333333335
INV100242,C00211,2024-09-10,4,10,136.93,2.5
INV100243,C00432,2024-03-19,13,50,654.51,3.8461538461538463
INV100244,C00457,2024-09-11,7,21,267.4,3.0
INV100245,C00479,2024-08-06,4,9,96.9,2.25
INV100246,C00234,2024-12-24,7,16,182.35,2.2857142857142856
INV100247,C00446,2024-07-16,4,12,127.63,3.0
INV100248,C00206,2024-09-02,4,14,114.69,3.5
INV100249,C00405,2024-05-14,5,18,308.4,3.6
INV100250,C00165,2024-07-18,1,2,14.04,2.0
INV100251,C00165,2024-04-30,1,5,25.6,5.0
INV100252,C00498,2024-03-09,5,16,237.39,3.2
INV100253,C00367,2024-07-23,1,1,15.37,1.0
INV100254,C00239,2024-06-26,4,15,201.29999999999998,3.75
INV100255,C00479,2024-09-19,7,22,250.17000000000002,3.142857142857143
INV100256,C00065,2024-08-18,6,24,411.74,4.0
INV100257,C00022,2024-09-04,2,8,139.39999999999998,4.0
INV100258,C00425,2024-10-03,1,2,33.62,2.0
INV100259,C00026,2024-02-29,2,9,108.69,4.5
INV100260,C00035,2024-05-09,4,12,199.92000000000002,3.0
INV100261,C00022,2024-05-01,2,4,55.23,2.0
INV100262,C00419,2024-04-16,2,9,94.92999999999999,4.5
INV100263,C00458,2024-06-03,3,5,93.25999999999999,1.6666666666666667
INV100264,C00336,2024-06-04,1,4,29.28,4.0
INV100265,C00056,2024-11-10,9,30,452.94,3.3333333333333335
INV100266,C00227,2024-09-12,2,4,53.64,2.0
INV100267,C00431,2024-10-03,12,36,460.42,3.0
INV100268,C00095,2024-12-25,9,21,255.44,2.3333333333333335
INV100269,C00430,2024-09-21,2,8,157.15,4.0
INV100270,C00388,2024-03-20,1,1,19.79,1.0
INV100271,C00168,2024-03-12,1,2,18.74,2.0
INV100272,C00375,2024-06-19,2,7,78.45,3.5
INV100273,C00316,2024-05-11,4,6,112.97,1.5
INV100274,C00353,2024-06-24,4,14,130.92,3.5
INV100275,C00493,2024-05-07,1,3,17.76,3.0
INV100276,C00410,2024-07-04,5,17,219.93,3.4
INV100277,C00493,2024-05-27,2,2,21.96,1.0
INV100278,C00019,2024-07-31,4,11,210.2,2.75
INV100279,C00244,2024-06-02,2,8,62.72,4.0
INV100280,C00425,2024-10-11,2,9,199.82,4.5
INV100281,C00318,2024-08-23,4,9,82.5,2.25
INV100282,C00227,2024-12-17,1,5,50.45,5.0
INV100283,C00111,2024-10-12,4,14,162.03,3.5
INV100284,C00282,2024-03-25,5,14,65.55,2.8
INV100285,C00041,2024-03-07,5,19,285.87,3.8
INV100286,C00190,2024-12-27,4,17,231.53,4.25
INV100287,C00214,2024-01-27,14,45,419.64,3.2142857142857144
INV100288,C00279,2024-03-25,4,15,98.87,3.75
INV100289,C00445,2024-04-01,2,6,73.75999999999999,3.0
INV100290,C00387,2024-12-01,2,4,56.92,2.0
INV100291,C00374,2024-09-20,1,2,14.94,2.0
INV100292,C00217,2024-08-19,3,9,96.03,3.0
INV100293,C00014,2024-02-17,3,7,79.45,2.3333333333333335
INV100294,C00153,2024-12-11,5,17,205.91,3.4
INV100295,C00259,2024-05-22,3,8,124.95,2.6666666666666665
INV100296,C00495,2024-08-01,3,10,122.39,3.3333333333333335
INV100297,C00125,2024-02-11,5,14,195.77,2.8
INV100298,C00445,2024-04-19,3,4,51.67,1.3333333333333333
INV100299,C00379,2024-07-30,2,3,34.49,1.5
INV100300,C00499,2024-08-16,4,12,168.21,3.0
INV100301,C00450,2024-08-22,4,11,165.9,2.75
INV100302,C00071,2024-09-16,4,15,108.75999999999999,3.75
INV100303,C00271,2024-10-09,16,43,619.74,2.6875
INV100304,C00111,2024-06-05,4,12,126.53,3.0
INV100305,C00001,2024-06-08,9,29,404.32,3.2222222222222223
INV100306,C00047,2024-08-05,12,34,396.6,2.8333333333333335
INV100307,C00218,2024-04-28,1,3,25.62,3.0
INV100308,C00338,2024-10-26,5,12,179.96,2.4
INV100309,C00372,2024-03-27,2,2,37.11,1.0
INV100310,C00434,2024-05-17,5,8,53.02,1.6
INV100311,C00293,2024-05-25,2,6,61.260000000000005,3.0
INV100312,C00164,2024-11-10,1,4,56.64,4.0
INV100313,C00267,2024-02-21,7,26,297.96000000000004,3.7142857142857144
INV100314,C00238,2024-07-12,4,8,99.01,2.0
INV100315,C00028,2024-05-08,8,24,291.02,3.0
INV100316,C00395,2024-04-13,1,2,12.36,2.0
INV100317,C00049,2024-07-18,5,18,334.49,3.6
INV100318,C00248,2024-05-21,8,16,226.0,2.0
INV100319,C00106,2024-09-16,3,10,113.56,3.3333333333333335
INV100320,C00286,2024-05-08,1,5,222.05,5.0
INV100321,C00348,2024-11-22,12,40,536.78,3.3333333333333335
INV100322,C00383,2024-12-08,15,49,662.21,3.2666666666666666
INV100323,C00248,2024-08-01,6,15,215.07999999999998,2.5
INV100324,C00291,2024-09-03,4,11,90.07000000000001,2.75
INV100325,C00415,2024-06-19,6,19,236.56,3.1666666666666665
INV100326,C00425,2024-07-08,9,20,241.26999999999998,2.2222222222222223
INV100327,C00487,2024-06-24,4,11,119.53999999999999,2.75
INV100328,C00048,2024-10-18,1,2,14.3,2.0
INV100329,C00478,2024-07-30,8,16,282.39,2.0
INV100330,C00410,2024-09-23,2,6,140.72,3.0
INV100331,C00230,2024-09-10,7,18,193.97,2.5714285714285716
INV100332,C00116,2024-06-08,1,1,7.79,1.0
INV100333,C00329,2024-01-20,4,11,190.38,2.75
INV100334,C00144,2024-06-24,4,9,158.92000000000002,2.25
INV100335,C00365,2024-04-18,7,25,300.52,3.5714285714285716
INV100336,C00477,2024-11-14,14,34,514.79,2.4285714285714284
INV100337,C00337,2024-08-26,7,17,282.95,2.4285714285714284
INV100338,C00262,2024-09-14,1,5,31.65,5.0
INV100339,C00134,2024-06-09,4,10,119.61,2.5
INV100340,C00098,2024-05-02,9,29,368.8,3.2222222222222223
INV100341,C00023,2024-03-16,7,23,184.14,3.2857142857142856
INV100342,C00365,2024-07-18,4,16,215.47,4.0
INV100343,C00291,2024-09-11,5,16,298.09,3.2
INV100344,C00227,2024-06-22,4,10,119.16,2.5
INV100345,C00162,2024-05-22,6,24,474.63,4.0
INV100346,C00063,2024-05-05,1,4,41.44,4.0
INV100347,C00167,2024-10-30,5,16,279.73,3.2
INV100348,C00453,2024-06-18,7,21,373.87,3.0
INV100349,C00404,2024-06-22,1,1,15.71,1.0
INV100350,C00381,2024-02-11,4,13,150.84,3.25
INV100351,C00298,2024-06-17,5,12,109.69999999999999,2.4
INV100352,C00496,2024-09-07,3,5,63.6,1.6666666666666667
INV100353,C00462,2024-05-29,1,4,72.16,4.0
INV100354,C00330,2024-05-29,4,12,331.68,3.0
INV100355,C00001,2024-05-13,8,20,438.28000000000003,2.5
INV100356,C00404,2024-08-25,8,31,412.01,3.875
INV100357,C00295,2024-11-22,13,37,451.08,2.8461538461538463
INV100358,C00130,2024-04-13,3,10,66.83,3.3333333333333335
INV100359,C00147,2024-09-14,12,37,587.91,3.0833333333333335
INV100360,C00127,2024-01-02,3,15,187.0,5.0
INV100361,C00410,2024-10-19,9,29,487.46999999999997,3.2222222222222223
INV100362,C00382,2024-11-29,4,14,301.46000000000004,3.5
INV100363,C00001,2024-10-29,8,23,553.4,2.875
INV100364,C00396,2024-11-04,8,21,302.42,2.625
INV100365,C00460,2024-04-02,4,11,105.88999999999999,2.75
INV100366,C00295,2024-04-09,4,11,111.71000000000001,2.75
INV100367,C00342,2024-10-30,2,7,304.77000000000004,3.5
INV100368,C00391,2024-03-01,4,13,149.33,3.25
INV100369,C00119,2024-06-16,1,3,15.54,3.0
INV100370,C00229,2024-09-29,7,21,329.96000000000004,3.0
INV100371,C00125,2024-07-11,4,14,199.65000000000003,3.5
INV100372,C00098,2024-09-12,4,17,144.06,4.25
INV100373,C00366,2024-04-30,4,10,110.58000000000001,2.5
INV100374,C00351,2024-04-11,3,10,109.8,3.3333333333333335
INV100375,C00227,2024-05-07,7,19,336.56,2.7142857142857144
INV100376,C00382,2024-04-14,4,13,199.33,3.25
INV100377,C00294,2024-10-25,4,10,94.02000000000001,2.5
INV100378,C00091,2024-08-24,2,2,26.450000000000003,1.0
INV100379,C00396,2024-08-20,4,13,190.96,3.25
INV100380,C00271,2024-09-07,4,15,199.2,3.75
INV100381,C00477,2024-03-05,7,23,506.77,3.2857142857142856
INV100382,C00291,2024-08-09,1,2,37.3,2.0
INV100383,C00145,2024-07-29,3,10,120.58,3.3333333333333335
INV100384,C00352,2024-07-10,4,13,134.43,3.25
INV100385,C00125,2024-08-12,5,12,149.64,2.4
INV100386,C00397,2024-05-18,13,41,785.05,3.1538461538461537
INV100387,C00479,2024-03-01,7,25,304.71999999999997,3.5714285714285716
INV100388,C00301,2024-01-21,1,5,50.45,5.0
INV100389,C00214,2024-04-07,9,26,363.63,2.888888888888889
INV100390,C00446,2024-05-30,4,12,234.21,3.0
INV100391,C00226,2024-05-30,6,12,159.89,2.0
INV100392,C00031,2024-08-26,1,3,45.78,3.0
INV100393,C00468,2024-11-21,1,2,40.44,2.0
INV100394,C00427,2024-05-02,5,17,200.88,3.4
INV100395,C00471,2024-04-19,9,31,387.62,3.4444444444444446
INV100396,C00418,2024-02-11,7,27,317.84000000000003,3.857142857142857
INV100397,C00198,2024-09-25,4,12,241.05,3.0
INV100398,C00199,2024-06-05,11,37,480.01,3.3636363636363638
INV100399,C00214,2024-08-04,4,13,118.93,3.25
INV100400,C00463,2024-06-27,4,13,221.07999999999998,3.25
INV100401,C00343,2024-01-21,5,15,142.76999999999998,3.0
INV100402,C00352,2024-11-18,3,10,170.61,3.3333333333333335
INV100403,C00172,2024-01-20,2,9,72.25,4.5
INV100404,C00158,2024-10-18,1,3,58.56,3.0
INV100405,C00461,2024-07-27,1,4,69.2,4.0
INV100406,C00207,2024-03-31,1,4,80.88,4.0
INV100407,C00056,2024-09-19,1,2,55.32,2.0
INV100408,C00101,2024-08-28,1,3,21.3,3.0
INV100409,C00030,2024-09-16,3,6,62.41,2.0
INV100410,C00350,2024-03-22,4,4,66.49,1.0
INV100411,C00456,2024-05-13,11,32,553.23,2.909090909090909
INV100412,C00373,2024-05-06,3,8,58.25,2.6666666666666665
INV100413,C00214,2024-08-16,2,7,121.53999999999999,3.5
INV100414,C00387,2024-04-28,14,39,378.02,2.7857142857142856
INV100415,C00014,2024-07-10,5,13,118.93,2.6
INV100416,C00052,2024-03-10,4,13,174.77,3.25
INV100417,C00336,2024-07-24,5,12,95.92,2.4
INV100418,C00226,2024-07-29,8,18,238.02,2.25
INV100419,C00010,2024-03-08,2,8,105.30000000000001,4.0
INV100420,C00143,2024-11-21,7,26,413.76,3.7142857142857144
INV100421,C00129,2024-10-22,4,7,80.44,1.75
INV100422,C00484,2024-11-01,5,17,204.78,3.4
INV100423,C00121,2024-06-07,6,16,184.16,2.6666666666666665
INV100424,C00179,2024-09-29,1,5,102.7,5.0
INV100425,C00228,2024-11-05,3,11,125.96,3.6666666666666665
INV100426,C00111,2024-06-06,1,1,11.3,1.0
INV100427,C00327,2024-11-24,9,24,423.45,2.6666666666666665
INV100428,C00271,2024-05-31,4,12,184.14,3.0
INV100429,C00487,2024-05-17,7,20,334.05,2.857142857142857
INV100430,C00172,2024-05-14,6,15,213.65,2.5
INV100431,C00418,2024-08-10,4,12,154.96,3.0
INV100432,C00239,2024-08-07,2,5,65.83,2.5
INV100433,C00001,2024-09-07,1,5,116.9,5.0
INV100434,C00247,2024-06-27,1,2,17.64,2.0
INV100435,C00270,2024-07-05,4,14,144.61,3.5
INV100436,C00434,2024-03-09,3,5,40.809999999999995,1.6666666666666667
INV100437,C00303,2024-02-13,4,12,129.67000000000002,3.0
INV100438,C00090,2024-10-19,3,9,161.86,3.0
INV100439,C00162,2024-02-11,7,20,233.8,2.857142857142857
INV100440,C00446,2024-03-10,14,31,431.28,2.2142857142857144
INV100441,C00300,2024-02-12,1,4,30.64,4.0
INV100442,C00446,2024-12-19,7,16,190.86,2.2857142857142856
INV100443,C00149,2024-06-20,2,5,92.72,2.5
INV100444,C00023,2024-04-14,9,33,316.12,3.6666666666666665
INV100445,C00116,2024-01-29,3,11,122.72,3.6666666666666665
INV100446,C00003,2024-06-04,4,17,196.85,4.25
INV100447,C00220,2024-06-28,4,8,122.5,2.0
INV100448,C00163,2024-05-08,1,4,34.68,4.0
INV100449,C00120,2024-10-26,4,17,325.71,4.25
INV100450,C00147,2024-08-31,15,43,912.72,2.8666666666666667
INV100451,C00019,2024-09-27,8,23,308.39,2.875
INV100452,C00199,2024-11-23,5,11,103.05000000000001,2.2
INV100453,C00203,2024-09-04,6,13,116.24000000000001,2.1666666666666665
INV100454,C00347,2024-02-18,4,11,109.44,2.75
INV100455,C00103,2024-06-22,5,13,113.1,2.6
INV100456,C00153,2024-11-03,5,13,109.97,2.6
INV100457,C00286,2024-01-27,2,2,80.53,1.0
INV100458,C00211,2024-12-01,2,6,85.18,3.0
INV100459,C00347,2024-03-22,1,2,21.8,2.0
INV100460,C00172,2024-04-03,1,2,31.56,2.0
INV100461,C00202,2024-07-09,3,7,71.17999999999999,2.3333333333333335
INV100462,C00014,2024-12-08,2,5,78.57000000000001,2.5
INV100463,C00489,2024-10-29,5,12,107.42,2.4
INV100464,C00078,2024-12-30,6,25,386.7,4.166666666666667
INV100465,C00078,2024-01-03,1,5,69.25,5.0
INV100466,C00499,2024-07-02,5,14,479.86,2.8
INV100467,C00124,2024-09-13,4,9,129.88,2.25
INV100468,C00197,2024-08-18,4,11,68.56,2.75
INV100469,C00463,2024-08-19,1,2,17.78,2.0
INV100470,C00465,2024-12-29,4,7,85.89,1.75
INV100471,C00047,2024-09-23,7,22,273.72,3.142857142857143
INV100472,C00470,2024-07-29,4,12,166.27,3.0
INV100473,C00023,2024-03-29,12,37,465.42,3.0833333333333335
INV100474,C00333,2024-11-13,10,23,258.95,2.3
INV100475,C00211,2024-11-30,4,9,89.14,2.25
INV100476,C00285,2024-11-19,5,13,201.74,2.6
INV100477,C00435,2024-07-28,2,5,82.72,2.5
INV100478,C00307,2024-08-22,5,11,125.33,2.2
INV100479,C00473,2024-06-08,3,12,64.78999999999999,4.0
INV100480,C00271,2024-07-14,4,14,369.97,3.5
INV100481,C00280,2024-11-30,1,2,22.6,2.0
INV100482,C00277,2024-07-02,5,11,104.05,2.2
INV100483,C00487,2024-03-06,7,25,481.0,3.5714285714285716
INV100484,C00150,2024-06-14,1,5,63.75,5.0
INV100485,C00258,2024-04-28,7,18,252.56,2.5714285714285716
INV100486,C00267,2024-12-24,3,7,110.24000000000001,2.3333333333333335
INV100487,C00345,2024-08-31,37,993,12591.84,26.83783783783784
INV100488,C00360,2024-11-25,5,15,157.91,3.0
INV100489,C00451,2024-05-02,2,7,256.78,3.5
INV100490,C00345,2024-03-01,5,22,260.14,4.4
INV100491,C00135,2024-04-08,2,4,74.56,2.0
INV100492,C00290,2024-04-24,1,5,84.05,5.0
INV100493,C00438,2024-11-29,1,3,41.28,3.0
INV100494,C00193,2024-08-13,1,5,193.55,5.0
INV100495,C00136,2024-05-21,8,23,303.17,2.875
INV100496,C00123,2024-10-05,3,6,61.629999999999995,2.0
INV100497,C00337,2024-09-06,7,19,173.47,2.7142857142857144
INV100498,C00020,2024-12-15,7,21,315.25,3.0
INV100499,C00091,2024-09-01,7,15,155.45,2.142857142857143
INV100500,C00311,2024-05-28,1,1,10.64,1.0
INV100501,C00391,2024-09-25,2,5,65.36,2.5
INV100502,C00447,2024-11-26,2,8,234.42999999999998,4.0
INV100503,C00263,2024-07-06,1,3,35.28,3.0
INV100504,C00235,2024-05-25,2,10,268.70000000000005,5.0
INV100505,C00196,2024-08-06,2,6,36.7,3.0
INV100506,C00264,2024-06-24,2,6,69.96,3.0
INV100507,C00081,2024-04-28,2,8,130.93,4.0
INV100508,C00176,2024-10-06,5,19,267.73,3.8
INV100509,C00336,2024-04-01,4,15,171.98000000000002,3.75
INV100510,C00050,2024-06-07,3,9,135.63,3.0
INV100511,C00021,2024-07-03,4,9,84.02000000000001,2.25
INV100512,C00364,2024-04-01,1,4,52.12,4.0
INV100513,C00119,2024-07-13,9,25,381.22,2.7777777777777777
INV100514,C00045,2024-08-26,3,10,142.6,3.3333333333333335
INV100515,C00478,2024-07-25,5,10,162.43,2.0
INV100516,C00372,2024-10-31,4,4,49.34,1.0
INV100517,C00469,2024-10-16,3,7,45.34,2.3333333333333335
INV100518,C00465,2024-07-19,9,27,218.63,3.0
INV100519,C00014,2024-09-13,1,2,22.72,2.0
INV100520,C00380,2024-08-30,1,5,85.5,5.0
INV100521,C00198,2024-09-28,8,24,218.02,3.0
INV100522,C00422,2024-05-19,5,23,275.56,4.6
INV100523,C00140,2024-08-05,1,3,81.66,3.0
INV100524,C00004,2024-04-23,1,3,53.85,3.0
INV100525,C00041,2024-09-21,2,5,32.269999999999996,2.5
INV100526,C00242,2024-02-09,2,9,104.47999999999999,4.5
INV100527,C00067,2024-07-03,10,31,484.68,3.1
INV100528,C00418,2024-08-15,2,4,39.88,2.0
INV100529,C00338,2024-01-05,1,4,41.16,4.0
INV100530,C00293,2024-04-27,1,2,18.06,2.0
INV100531,C00047,2024-11-02,12,39,459.7,3.25
INV100532,C00381,2024-01-14,3,11,167.45999999999998,3.6666666666666665
INV100533,C00088,2024-01-25,3,7,117.46000000000001,2.3333333333333335
INV100534,C00467,2024-02-20,4,13,194.92,3.25
INV100535,C00213,2024-07-03,5,20,399.92,4.0
INV100536,C00220,2024-01-28,4,13,144.04,3.25
INV100537,C00381,2024-12-21,6,19,323.91,3.1666666666666665
INV100538,C00258,2024-01-12,2,6,35.599999999999994,3.0
INV100539,C00096,2024-03-17,1,1,14.63,1.0
INV100540,C00468,2024-05-23,1,5,69.05,5.0
INV100541,C00197,2024-02-22,5,21,281.63,4.2
INV100542,C00273,2024-11-09,5,15,203.22000000000003,3.0
INV100543,C00266,2024-06-07,7,19,173.26999999999998,2.7142857142857144
INV100544,C00409,2024-06-16,2,9,93.11,4.5
INV100545,C00129,2024-09-03,7,23,339.07,3.2857142857142856
INV100546,C00214,2024-05-13,7,23,338.18,3.2857142857142856
INV100547,C00038,2024-03-05,7,18,173.72,2.5714285714285716
INV100548,C00194,2024-06-25,5,11,124.34,2.2
INV100549,C00332,2024-04-22,4,15,146.82,3.75
INV100550,C00394,2024-11-22,3,10,147.52,3.3333333333333335
INV100551,C00078,2024-08-03,7,21,177.11999999999998,3.0
INV100552,C00369,2024-04-25,4,9,170.91,2.25
INV100553,C00271,2024-11-29,7,23,250.99,3.2857142857142856
INV100554,C00159,2024-03-28,6,15,210.53,2.5
INV100555,C00481,2024-10-11,5,17,153.7,3.4
INV100556,C00215,2024-11-28,2,4,66.94,2.0
INV100557,C00190,2024-11-30,7,23,428.57,3.2857142857142856
INV100558,C00480,2024-08-09,7,25,394.53999999999996,3.5714285714285716
INV100559,C00240,2024-09-05,1,5,58.8,5.0
INV100560,C00090,2024-11-11,5,22,337.07,4.4
INV100561,C00421,2024-11-22,1,4,28.8,4.0
INV100562,C00396,2024-04-12,7,25,346.78000000000003,3.5714285714285716
INV100563,C00317,2024-09-06,2,6,34.54,3.0
INV100564,C00491,2024-08-07,2,8,253.72,4.0
INV100565,C00231,2024-08-27,2,9,54.58,4.5
INV100566,C00263,2024-10-09,4,14,77.96000000000001,3.5
INV100567,C00092,2024-08-30,1,3,41.28,3.0
INV100568,C00406,2024-07-14,2,6,30.64,3.0
INV100569,C00243,2024-09-30,4,14,180.87,3.5
INV100570,C00281,2024-11-28,1,1,19.52,1.0
INV100571,C00028,2024-09-11,5,14,209.38,2.8
INV100572,C00176,2024-02-18,5,12,129.5,2.4
INV100573,C00170,2024-10-30,3,7,103.92,2.3333333333333335
INV100574,C00256,2024-05-13,5,14,150.95999999999998,2.8
INV100575,C00023,2024-02-14,9,27,221.42000000000002,3.0
INV100576,C00144,2024-08-02,4,12,140.32999999999998,3.0
INV100577,C00120,2024-10-27,19,66,832.52,3.473684210526316
INV100578,C00478,2024-03-21,22,66,726.08,3.0
INV100579,C00431,2024-05-23,4,11,81.28,2.75
INV100580,C00333,2024-07-10,10,34,443.2,3.4
INV100581,C00438,2024-09-28,6,15,238.38,2.5
INV100582,C00211,2024-02-29,2,5,90.3,2.5
INV100583,C00111,2024-04-29,2,5,50.540000000000006,2.5
INV100584,C00477,2024-10-02,9,28,238.20000000000002,3.111111111111111
INV100585,C00345,2024-03-15,6,17,198.97,2.8333333333333335
INV100586,C00081,2024-03-29,2,5,143.26,2.5
INV100587,C00176,2024-10-17,5,12,195.26,2.4
INV100588,C00369,2024-05-21,1,1,8.37,1.0
INV100589,C00354,2024-02-25,1,5,27.05,5.0
INV100590,C00445,2024-02-29,4,16,215.01,4.0
INV100591,C00294,2024-09-03,2,7,103.5,3.5
INV100592,C00031,2024-08-15,2,5,112.66999999999999,2.5
INV100593,C00315,2024-04-21,3,9,152.97,3.0
INV100594,C00411,2024-08-20,1,5,111.05,5.0
INV100595,C00447,2024-08-22,2,2,32.76,1.0
INV100596,C00123,2024-09-07,2,5,84.50999999999999,2.5
INV100597,C00220,2024-07-26,1,2,15.82,2.0
INV100598,C00416,2024-01-26,3,9,183.19,3.0
INV100599,C00176,2024-09-27,2,8,60.67,4.0
INV100600,C00350,2024-05-20,2,4,42.38,2.0
INV100601,C00202,2024-06-27,2,9,96.5,4.5
INV100602,C00217,2024-11-17,9,29,472.40000000000003,3.2222222222222223
INV100603,C00049,2024-09-30,2,9,56.480000000000004,4.5
INV100604,C00167,2024-11-06,5,16,264.76,3.2
INV100605,C00161,2024-03-16,1,2,28.26,2.0
INV100606,C00024,2024-06-26,4,12,164.52,3.0
INV100607,C00323,2024-07-16,4,9,153.13,2.25
INV100608,C00143,2024-08-03,4,12,155.09,3.0
INV100609,C00362,2024-07-22,5,14,135.91,2.8
INV100610,C00095,2024-04-24,16,43,541.99,2.6875
INV100611,C00403,2024-08-05,2,3,51.22,1.5
INV100612,C00112,2024-06-22,7,12,158.65,1.7142857142857142
INV100613,C00434,2024-10-24,2,10,82.75,5.0
INV100614,C00115,2024-10-14,2,8,100.57,4.0
INV100615,C00271,2024-09-23,9,26,324.4,2.888888888888889
INV100616,C00024,2024-02-26,2,7,84.67,3.5
INV100617,C00028,2024-12-01,5,15,267.02,3.0
INV100618,C00334,2024-07-30,5,12,309.38,2.4
INV100619,C00228,2024-06-13,4,11,227.31,2.75
INV100620,C00389,2024-01-31,2,5,49.57,2.5
INV100621,C00343,2024-06-19,4,11,118.85,2.75
INV100622,C00198,2024-11-14,7,21,218.26999999999998,3.0
INV100623,C00103,2024-01-22,2,4,41.43,2.0
INV100624,C00365,2024-11-18,7,21,400.49,3.0
INV100625,C00166,2024-11-30,5,14,223.57999999999998,2.8
INV100626,C00237,2024-11-30,4,13,216.57999999999998,3.25
INV100627,C00131,2024-10-17,1,5,32.6,5.0
INV100628,C00379,2024-12-21,8,31,419.64000000000004,3.875
INV100629,C00371,2024-07-22,2,7,150.76999999999998,3.5
INV100630,C00356,2024-01-18,3,8,120.05,2.6666666666666665
INV100631,C00206,2024-07-28,4,11,70.05,2.75
INV100632,C00294,2024-07-04,2,5,39.449999999999996,2.5
INV100633,C00112,2024-06-12,1,1,6.17,1.0
INV100634,C00170,2024-06-29,3,6,49.17,2.0
INV100635,C00367,2024-05-22,4,16,182.07,4.0
INV100636,C00345,2024-12-12,10,26,266.33,2.6
INV100637,C00294,2024-11-15,2,10,131.2,5.0
INV100638,C00271,2024-07-03,2,4,39.0,2.0
INV100639,C00183,2024-03-17,5,14,148.44,2.8
INV100640,C00353,2024-06-19,1,1,14.13,1.0
INV100641,C00319,2024-04-27,4,9,85.07,2.25
INV100642,C00019,2024-08-07,1,2,6.78,2.0
INV100643,C00136,2024-08-09,13,46,758.19,3.5384615384615383
INV100644,C00373,2024-02-02,3,10,98.29,3.3333333333333335
INV100645,C00224,2024-08-11,8,27,368.0,3.375
INV100646,C00158,2024-12-02,4,8,59.09,2.0
INV100647,C00470,2024-10-03,6,19,226.26999999999998,3.1666666666666665
INV100648,C00086,2024-07-24,2,4,31.07,2.0
INV100649,C00024,2024-09-12,1,4,47.64,4.0
INV100650,C00317,2024-12-10,4,13,482.57000000000005,3.25
INV100651,C00293,2024-11-17,4,5,74.92,1.25
INV100652,C00463,2024-04-03,2,6,83.28,3.0
INV100653,C00159,2024-11-02,3,11,185.62,3.6666666666666665
INV100654,C00493,2024-06-16,7,18,208.56,2.5714285714285716
INV100655,C00440,2024-05-21,5,16,261.21000000000004,3.2
INV100656,C00151,2024-06-29,7,19,248.61,2.7142857142857144
INV100657,C00241,2024-07-15,4,9,144.36,2.25
INV100658,C00454,2024-04-16,4,7,91.81,1.75
INV100659,C00232,2024-11-19,5,17,296.23,3.4
INV100660,C00326,2024-11-13,1,4,54.96,4.0
INV100661,C00067,2024-12-17,2,7,47.83,3.5
INV100662,C00384,2024-08-05,4,15,197.48000000000002,3.75
INV100663,C00251,2024-08-04,5,17,148.76999999999998,3.4
INV100664,C00085,2024-04-12,5,16,225.18,3.2
INV100665,C00210,2024-07-30,1,4,41.24,4.0
INV100666,C00001,2024-04-18,8,24,278.95,3.0
INV100667,C00270,2024-09-07,2,5,79.53,2.5
INV100668,C00470,2024-06-23,9,30,501.03999999999996,3.3333333333333335
INV100669,C00252,2024-10-12,26,739,9391.52,28.423076923076923
INV100670,C00270,2024-05-19,3,5,47.53,1.6666666666666667
INV100671,C00091,2024-12-13,9,16,281.18,1.7777777777777777
INV100672,C00188,2024-10-28,5,20,279.68,4.0
INV100673,C00479,2024-08-25,4,13,150.22,3.25
INV100674,C00226,2024-06-02,2,8,74.52,4.0
INV100675,C00206,2024-07-06,4,15,118.66,3.75
INV100676,C00268,2024-05-15,2,6,99.84,3.0
INV100677,C00429,2024-09-13,1,2,20.18,2.0
INV100678,C00019,2024-09-28,5,14,145.93,2.8
INV100679,C00126,2024-10-26,2,7,192.57,3.5
INV100680,C00120,2024-10-13,7,16,212.93,2.2857142857142856
INV100681,C00278,2024-11-02,1,4,51.72,4.0
INV100682,C00079,2024-03-15,2,6,54.9,3.0
INV100683,C00158,2024-04-11,4,13,156.49,3.25
INV100684,C00204,2024-03-27,4,15,134.08,3.75
INV100685,C00348,2024-05-09,8,23,445.17,2.875
INV100686,C00442,2024-05-05,7,23,173.39,3.2857142857142856
INV100687,C00077,2024-02-11,13,43,510.15,3.3076923076923075
INV100688,C00159,2024-07-18,2,2,30.73,1.0
INV100689,C00378,2024-04-28,3,11,88.9,3.6666666666666665
INV100690,C00134,2024-08-31,2,5,70.8,2.5
INV100691,C00487,2024-10-23,7,23,280.45,3.2857142857142856
INV100692,C00272,2024-09-15,4,14,179.96,3.5
INV100693,C00262,2024-04-12,2,6,33.69,3.0
INV100694,C00046,2024-08-14,1,4,92.12,4.0
INV100695,C00397,2024-12-16,4,16,196.24,4.0
INV100696,C00201,2024-04-15,5,22,396.55,4.4
INV100697,C00229,2024-07-01,2,3,43.42,1.5
INV100698,C00024,2024-11-30,2,8,257.88,4.0
INV100699,C00166,2024-11-06,4,10,126.49000000000001,2.5
INV100700,C00327,2024-11-30,12,44,804.31,3.6666666666666665
INV100701,C00077,2024-08-20,1,1,15.78,1.0
INV100702,C00133,2024-04-22,4,12,166.61,3.0
INV100703,C00365,2024-10-13,4,7,83.52,1.75
INV100704,C00446,2024-08-20,4,10,114.84,2.5
INV100705,C00153,2024-09-03,7,17,202.82,2.4285714285714284
INV100706,C00120,2024-02-29,9,31,253.04000000000002,3.4444444444444446
INV100707,C00101,2024-01-29,1,3,29.64,3.0
INV100708,C00290,2024-06-15,4,11,139.85,2.75
INV100709,C00238,2024-05-19,2,10,83.4,5.0
INV100710,C00129,2024-12-01,15,46,588.07,3.066666666666667
INV100711,C00197,2024-09-20,5,13,365.57,2.6
INV100712,C00199,2024-02-19,2,6,69.39,3.0
INV100713,C00196,2024-03-04,1,3,44.79,3.0
INV100714,C00120,2024-05-22,2,10,104.6,5.0
INV100715,C00046,2024-04-29,5,16,193.7,3.2
INV100716,C00285,2024-08-31,3,3,55.25,1.0
INV100717,C00338,2024-03-19,6,18,173.7,3.0
INV100718,C00173,2024-02-22,1,1,14.62,1.0
INV100719,C00398,2024-05-20,5,13,153.69,2.6
INV100720,C00274,2024-07-05,3,8,272.20000000000005,2.6666666666666665
INV100721,C00335,2024-07-18,1,2,21.52,2.0
INV100722,C00418,2024-07-17,1,5,40.0,5.0
INV100723,C00073,2024-05-22,8,20,284.22,2.5
INV100724,C00495,2024-03-30,2,10,80.30000000000001,5.0
INV100725,C00231,2024-02-08,2,8,95.88,4.0
INV100726,C00487,2024-03-24,1,2,18.26,2.0
INV100727,C00421,2024-05-14,4,13,176.19,3.25
INV100728,C00294,2024-02-19,3,6,53.91,2.0
INV100729,C00228,2024-10-09,1,4,20.48,4.0
INV100730,C00117,2024-06-14,5,11,96.71000000000001,2.2
INV100731,C00359,2024-10-09,4,16,309.9,4.0
INV100732,C00320,2024-06-04,5,15,238.88,3.0
INV100733,C00287,2024-02-29,1,5,27.45,5.0
INV100734,C00337,2024-03-12,4,11,231.5,2.75
INV100735,C00396,2024-04-20,2,2,16.99,1.0
INV100736,C00489,2024-10-01,1,4,103.32,4.0
INV100737,C00227,2024-04-24,7,26,372.67,3.7142857142857144
INV100738,C00381,2024-02-29,2,4,44.06,2.0
INV100739,C00083,2024-11-13,2,8,65.32,4.0
INV100740,C00260,2024-04-27,3,7,68.64,2.3333333333333335
INV100741,C00215,2024-10-26,2,2,23.700000000000003,1.0
INV100742,C00197,2024-12-23,1,1,7.91,1.0
INV100743,C00310,2024-09-06,1,2,15.96,2.0
INV100744,C00446,2024-09-24,14,32,346.89,2.2857142857142856
INV100745,C00028,2024-06-20,2,8,111.50999999999999,4.0
INV100746,C00242,2024-06-29,2,6,71.84,3.0
INV100747,C00333,2024-11-03,12,39,522.7,3.25
INV100748,C00046,2024-06-15,1,4,16.72,4.0
INV100749,C00065,2024-06-10,3,5,67.2,1.6666666666666667
INV100750,C00291,2024-03-30,1,4,36.28,4.0
INV100751,C00049,2024-02-03,4,12,143.37,3.0
INV100752,C00081,2024-08-27,2,6,87.68,3.0
INV100753,C00028,2024-11-01,4,10,86.91,2.5
INV100754,C00195,2024-11-23,6,22,146.07999999999998,3.6666666666666665
INV100755,C00337,2024-09-26,2,8,46.37,4.0
INV100756,C00320,2024-11-02,2,7,77.87,3.5
INV100757,C00147,2024-10-16,2,8,202.28,4.0
INV100758,C00400,2024-07-23,2,7,85.56,3.5
INV100759,C00047,2024-08-31,4,15,162.8,3.75
INV100760,C00047,2024-10-26,4,12,111.41,3.0
INV100761,C00280,2024-06-13,8,13,171.11,1.625
INV100762,C00082,2024-06-30,1,3,23.79,3.0
INV100763,C00052,2024-04-06,4,12,282.38,3.0
INV100764,C00396,2024-05-10,7,19,265.88,2.7142857142857144
INV100765,C00431,2024-02-22,16,49,738.34,3.0625
INV100766,C00265,2024-05-28,3,11,117.38,3.6666666666666665
INV100767,C00445,2024-08-21,4,8,104.95,2.0
INV100768,C00323,2024-08-31,2,3,32.53,1.5
INV100769,C00155,2024-08-10,1,2,44.5,2.0
INV100770,C00151,2024-02-28,8,18,349.04,2.25
INV100771,C00115,2024-10-03,7,21,324.59000000000003,3.0
INV100772,C00245,2024-07-02,14,38,472.85,2.7142857142857144
INV100773,C00174,2024-06-24,4,12,133.3,3.0
INV100774,C00354,2024-06-30,3,8,149.94,2.6666666666666665
INV100775,C00499,2024-05-04,9,33,438.33,3.6666666666666665
INV100776,C00169,2024-06-06,1,5,30.85,5.0
INV100777,C00224,2024-06-19,9,27,300.15,3.0
INV100778,C00014,2024-09-01,11,31,379.72,2.8181818181818183
INV100779,C00348,2024-07-31,16,51,780.3299999999999,3.1875
INV100780,C00421,2024-09-22,2,7,31.939999999999998,3.5
INV100781,C00474,2024-03-19,1,1,17.17,1.0
INV100782,C00074,2024-09-02,8,25,311.71,3.125
INV100783,C00004,2024-07-25,4,15,216.11,3.75
INV100784,C00044,2024-07-15,3,9,206.04000000000002,3.0
INV100785,C00111,2024-05-02,5,16,239.17000000000002,3.2
INV100786,C00143,2024-06-12,12,43,490.39,3.5833333333333335
INV100787,C00381,2024-07-15,5,22,418.70000000000005,4.4
INV100788,C00037,2024-03-30,9,33,407.75,3.6666666666666665
INV100789,C00446,2024-12-12,7,18,230.54000000000002,2.5714285714285716
INV100790,C00477,2024-07-14,9,26,288.1,2.888888888888889
INV100791,C00295,2024-10-17,4,15,121.45,3.75
INV100792,C00428,2024-02-21,10,25,305.16,2.5
INV100793,C00447,2024-07-17,2,8,212.70999999999998,4.0
INV100794,C00336,2024-10-12,4,16,226.70999999999998,4.0
INV100795,C00317,2024-03-30,8,24,277.94,3.0
INV100796,C00168,2024-03-10,2,7,49.730000000000004,3.5
INV100797,C00384,2024-07-08,4,12,176.88,3.0
INV100798,C00127,2024-04-16,4,13,269.37,3.25
INV100799,C00213,2024-02-01,4,15,190.03,3.75
INV100800,C00337,2024-10-30,7,27,310.32,3.857142857142857
INV100801,C00382,2024-08-14,7,24,335.75,3.4285714285714284
INV100802,C00071,2024-07-17,4,11,278.51,2.75
INV100803,C00405,2024-08-24,2,4,21.48,2.0
INV100804,C00342,2024-10-18,4,8,103.39,2.0
INV100805,C00200,2024-02-16,4,12,98.12,3.0
INV100806,C00390,2024-07-20,4,17,154.97,4.25
INV100807,C00032,2024-05-15,7,26,278.95,3.7142857142857144
INV100808,C00108,2024-10-27,7,17,276.83,2.4285714285714284
INV100809,C00145,2024-08-06,1,3,43.92,3.0
INV100810,C00071,2024-06-25,7,19,233.55,2.7142857142857144
INV100811,C00135,2024-04-25,5,11,86.32000000000001,2.2
INV100812,C00098,2024-12-25,14,48,954.18,3.4285714285714284
INV100813,C00366,2024-03-07,4,14,154.97,3.5
INV100814,C00071,2024-05-23,3,7,51.85,2.3333333333333335
INV100815,C00164,2024-11-01,2,3,59.85,1.5
INV100816,C00419,2024-01-19,2,9,140.89,4.5
INV100817,C00327,2024-11-02,13,41,570.57,3.1538461538461537
INV100818,C00306,2024-08-29,2,8,81.19,4.0
INV100819,C00112,2024-02-21,4,11,271.62,2.75
INV100820,C00383,2024-11-02,15,46,640.12,3.066666666666667
INV100821,C00135,2024-09-13,2,6,43.38,3.0
INV100822,C00280,2024-02-22,10,30,475.54,3.0
INV100823,C00292,2024-05-06,1,1,20.7,1.0
INV100824,C00227,2024-08-11,1,3,47.61,3.0
INV100825,C00190,2024-06-11,1,1,15.65,1.0
INV100826,C00213,2024-08-30,5,12,136.5,2.4
INV100827,C00104,2024-02-26,9,24,479.31,2.6666666666666665
INV100828,C00279,2024-03-29,4,6,81.39,1.5
INV100829,C00398,2024-06-22,3,8,55.22,2.6666666666666665
INV100830,C00052,2024-08-17,2,8,104.56,4.0
INV100831,C00048,2024-05-12,2,8,218.0,4.0
INV100832,C00123,2024-11-25,2,7,73.94,3.5
INV100833,C00229,2024-11-24,2,6,53.260000000000005,3.0
INV100834,C00397,2024-06-23,4,12,90.44,3.0
INV100835,C00158,2024-09-28,36,997,11139.3,27.694444444444443
INV100836,C00018,2024-09-03,4,17,156.75,4.25
INV100837,C00004,2024-02-18,2,4,62.26,2.0
INV100838,C00045,2024-03-09,8,27,623.94,3.375
INV100839,C00448,2024-04-06,4,12,199.98000000000002,3.0
INV100840,C00071,2024-06-28,12,50,594.27,4.166666666666667
INV100841,C00019,2024-09-18,4,15,280.1,3.75
INV100842,C00211,2024-05-01,2,5,34.34,2.5
INV100843,C00206,2024-07-25,1,5,97.6,5.0
INV100844,C00478,2024-04-09,9,19,291.18,2.111111111111111
INV100845,C00199,2024-11-17,4,18,176.16,4.5
INV100846,C00487,2024-12-23,2,6,88.64,3.0
INV100847,C00148,2024-07-01,1,2,7.24,2.0
INV100848,C00321,2024-06-03,4,13,122.35,3.25
INV100849,C00000,2024-04-22,3,9,110.5,3.0
INV100850,C00447,2024-10-16,12,26,315.98,2.1666666666666665
INV100851,C00083,2024-01-20,1,2,24.12,2.0
INV100852,C00052,2024-11-26,2,7,52.2,3.5
INV100853,C00405,2024-05-03,1,3,108.93,3.0
INV100854,C00075,2024-10-27,5,18,234.47,3.6
INV100855,C00111,2024-07-28,6,18,260.32,3.0
INV100856,C00162,2024-09-14,2,7,55.59,3.5
INV100857,C00285,2024-01-21,5,12,180.34,2.4
INV100858,C00293,2024-06-10,1,3,38.85,3.0
INV100859,C00343,2024-02-23,8,24,281.65,3.0
INV100860,C00134,2024-12-15,2,5,67.31,2.5
INV100861,C00125,2024-06-19,5,18,312.82,3.6
INV100862,C00178,2024-10-04,2,9,210.74,4.5
INV100863,C00164,2024-05-05,1,3,45.18,3.0
INV100864,C00198,2024-07-25,12,31,501.1,2.5833333333333335
INV100865,C00473,2024-12-05,3,10,128.64000000000001,3.3333333333333335
INV100866,C00060,2024-04-07,5,11,136.81,2.2
INV100867,C00055,2024-04-22,3,10,119.64,3.3333333333333335
INV100868,C00209,2024-03-12,2,8,89.96,4.0
INV100869,C00499,2024-11-25,2,4,59.61,2.0
INV100870,C00327,2024-06-02,7,19,217.34,2.7142857142857144
INV100871,C00408,2024-01-19,12,40,458.53999999999996,3.3333333333333335
INV100872,C00134,2024-07-21,1,3,48.96,3.0
INV100873,C00230,2024-10-14,4,10,183.23,2.5
INV100874,C00331,2024-03-09,2,6,50.31,3.0
INV100875,C00280,2024-07-29,2,6,17.06,3.0
INV100876,C00384,2024-02-28,9,23,257.71,2.5555555555555554
INV100877,C00020,2024-07-10,8,26,342.9,3.25
INV100878,C00479,2024-08-10,10,24,273.09,2.4
INV100879,C00472,2024-06-11,4,8,63.7,2.0
INV100880,C00459,2024-06-02,4,16,165.78,4.0
INV100881,C00047,2024-11-11,1,1,12.93,1.0
INV100882,C00384,2024-09-22,9,33,706.58,3.6666666666666665
INV100883,C00270,2024-08-27,3,10,73.04,3.3333333333333335
INV100884,C00147,2024-10-27,2,8,187.62,4.0
INV100885,C00372,2024-08-27,2,4,54.33,2.0
INV100886,C00012,2024-03-25,1,2,19.34,2.0
INV100887,C00164,2024-11-23,4,15,181.31,3.75
INV100888,C00285,2024-02-21,1,1,3.6,1.0
INV100889,C00098,2024-10-26,6,21,285.09,3.5
INV100890,C00371,2024-02-16,1,5,51.05,5.0
INV100891,C00062,2024-04-20,4,8,80.39,2.0
INV100892,C00471,2024-10-07,5,16,443.93,3.2
INV100893,C00241,2024-07-20,5,16,171.69,3.2
INV100894,C00418,2024-08-29,2,6,52.52,3.0
INV100895,C00396,2024-06-23,4,12,73.06,3.0
INV100896,C00081,2024-04-12,4,11,280.9,2.75
INV100897,C00040,2024-12-11,2,6,72.15,3.0
INV100898,C00037,2024-04-07,7,18,314.9,2.5714285714285716
INV100899,C00088,2024-03-22,3,13,95.58,4.333333333333333
INV100900,C00172,2024-06-04,5,14,103.84,2.8
INV100901,C00103,2024-09-05,2,6,59.959999999999994,3.0
INV100902,C00050,2024-01-19,4,19,193.41,4.75
INV100903,C00120,2024-12-13,7,28,343.83,4.0
INV100904,C00408,2024-12-08,2,9,162.85000000000002,4.5
INV100905,C00149,2024-08-23,2,8,51.75,4.0
INV100906,C00164,2024-06-06,13,33,473.85,2.5384615384615383
INV100907,C00103,2024-04-05,2,6,231.56,3.0
INV100908,C00485,2024-07-24,1,3,14.1,3.0
INV100909,C00481,2024-01-20,2,8,93.28999999999999,4.0
INV100910,C00456,2024-09-05,1,3,40.68,3.0
INV100911,C00100,2024-05-18,39,1077,12899.47,27.615384615384617
INV100912,C00087,2024-10-26,3,8,119.15,2.6666666666666665
INV100913,C00151,2024-11-20,2,8,65.82,4.0
INV100914,C00103,2024-06-17,4,12,198.68,3.0
INV100915,C00451,2024-10-29,4,14,221.66,3.5
INV100916,C00446,2024-04-24,2,10,63.55,5.0
INV100917,C00361,2024-07-13,1,2,14.64,2.0
INV100918,C00037,2024-10-15,4,9,92.23,2.25
INV100919,C00134,2024-11-20,2,7,67.56,3.5
INV100920,C00376,2024-02-23,1,4,67.24,4.0
INV100921,C00333,2024-07-11,31,795,11192.48,25.64516129032258
INV100922,C00185,2024-08-21,4,15,234.6,3.75
INV100923,C00020,2024-07-10,14,41,837.32,2.9285714285714284
INV100924,C00295,2024-08-08,9,28,349.34999999999997,3.111111111111111
INV100925,C00491,2024-10-02,1,1,7.79,1.0
INV100926,C00059,2024-09-28,4,12,114.7,3.0
INV100927,C00420,2024-01-23,30,850,10826.130000000001,28.333333333333332
INV100928,C00125,2024-11-23,2,6,29.220000000000002,3.0
INV100929,C00405,2024-06-17,1,2,37.92,2.0
INV100930,C00390,2024-01-26,4,14,219.17000000000002,3.5
INV100931,C00035,2024-03-24,2,9,79.32,4.5
INV100932,C00199,2024-11-12,4,13,281.91999999999996,3.25
INV100933,C00270,2024-07-05,1,3,63.63,3.0
INV100934,C00077,2024-06-02,5,15,133.9,3.0
INV100935,C00410,2024-03-29,4,13,141.43,3.25
INV100936,C00363,2024-03-27,3,5,35.9,1.6666666666666667
INV100937,C00055,2024-02-11,6,10,134.85,1.6666666666666667
INV100938,C00281,2024-06-04,4,15,145.75,3.75
INV100939,C00424,2024-04-17,1,4,31.04,4.0
INV100940,C00202,2024-11-02,4,11,179.77,2.75
INV100941,C00052,2024-01-30,7,21,431.03000000000003,3.0
INV100942,C00406,2024-10-06,4,12,147.09,3.0
INV100943,C00232,2024-09-27,2,8,104.13,4.0
INV100944,C00324,2024-09-12,3,10,79.99000000000001,3.3333333333333335
INV100945,C00334,2024-12-21,9,26,330.84,2.888888888888889
INV100946,C00432,2024-06-28,9,27,388.88,3.0
INV100947,C00001,2024-05-22,1,4,66.76,4.0
INV100948,C00120,2024-07-18,10,32,474.74,3.2
INV100949,C00462,2024-06-07,12,34,537.71,2.8333333333333335
INV100950,C00336,2024-08-27,4,10,92.52,2.5
INV100951,C00390,2024-08-18,1,5,44.1,5.0
INV100952,C00238,2024-08-15,5,16,143.95,3.2
INV100953,C00143,2024-10-31,4,8,138.4,2.0
INV100954,C00498,2024-05-17,4,10,114.56,2.5
INV100955,C00222,2024-08-12,1,1,7.93,1.0
INV100956,C00081,2024-03-19,4,7,67.96000000000001,1.75
INV100957,C00303,2024-03-10,8,21,390.65999999999997,2.625
INV100958,C00085,2024-09-24,5,12,199.47,2.4
INV100959,C00021,2024-05-01,2,6,45.21,3.0
INV100960,C00286,2024-11-08,2,9,156.42000000000002,4.5
INV100961,C00098,2024-10-02,10,32,358.52000000000004,3.2
INV100962,C00408,2024-11-15,4,13,289.29,3.25
INV100963,C00071,2024-12-08,2,10,124.45,5.0
INV100964,C00439,2024-05-26,3,11,102.92999999999999,3.6666666666666665
INV100965,C00489,2024-11-17,2,3,15.620000000000001,1.5
INV100966,C00498,2024-09-25,1,4,38.88,4.0
INV100967,C00418,2024-07-28,4,15,237.33999999999997,3.75
INV100968,C00441,2024-10-23,7,23,200.51999999999998,3.2857142857142856
INV100969,C00418,2024-07-29,5,12,159.7,2.4
INV100970,C00472,2024-12-01,2,6,82.96,3.0
INV100971,C00269,2024-02-20,2,4,49.239999999999995,2.0
INV100972,C00183,2024-08-12,4,11,147.38,2.75
INV100973,C00072,2024-01-17,4,8,101.78999999999999,2.0
INV100974,C00161,2024-06-02,2,7,114.53999999999999,3.5
INV100975,C00288,2024-01-10,1,1,16.1,1.0
INV100976,C00104,2024-02-20,7,17,227.44,2.4285714285714284
INV100977,C00143,2024-11-23,13,40,495.76,3.076923076923077
INV100978,C00248,2024-07-25,1,3,108.93,3.0
INV100979,C00381,2024-07-11,2,8,123.81,4.0
INV100980,C00059,2024-03-05,1,1,27.22,1.0
INV100981,C00468,2024-10-30,5,13,133.96,2.6
INV100982,C00134,2024-06-26,20,57,813.96,2.85
INV100983,C00189,2024-10-30,2,6,41.84,3.0
INV100984,C00271,2024-04-03,9,31,291.57,3.4444444444444446
INV100985,C00378,2024-03-20,3,7,102.69999999999999,2.3333333333333335
INV100986,C00487,2024-08-01,4,10,98.36,2.5
INV100987,C00120,2024-04-24,11,29,582.45,2.6363636363636362
INV100988,C00155,2024-03-26,3,7,103.57999999999998,2.3333333333333335
INV100989,C00320,2024-11-11,4,14,277.04999999999995,3.5
INV100990,C00293,2024-06-13,5,14,126.06,2.8
INV100991,C00234,2024-03-26,1,2,44.74,2.0
INV100992,C00465,2024-08-23,5,11,189.23,2.2
INV100993,C00478,2024-02-25,8,26,350.34999999999997,3.25
INV100994,C00252,2024-01-23,8,22,239.89,2.75
INV100995,C00067,2024-09-30,4,16,327.19000000000005,4.0
INV100996,C00001,2024-10-18,7,25,337.31,3.5714285714285716
INV100997,C00005,2024-08-01,1,5,87.95,5.0
INV100998,C00433,2024-04-16,2,7,63.269999999999996,3.5
INV100999,C00472,2024-08-13,1,5,31.9,5.0
INV101000,C00257,2024-09-14,2,4,46.620000000000005,2.0
INV101001,C00308,2024-06-11,1,1,18.04,1.0
INV101002,C00412,2024-03-22,6,20,304.28000000000003,3.3333333333333335
INV101003,C00091,2024-11-06,2,7,83.65,3.5
INV101004,C00100,2024-02-09,1,2,85.08,2.0
INV101005,C00067,2024-03-01,9,32,528.21,3.5555555555555554
INV101006,C00226,2024-10-21,1,1,5.64,1.0
INV101007,C00487,2024-09-02,38,1033,13121.300000000001,27.18421052631579
INV101008,C00258,2024-08-17,3,11,145.17,3.6666666666666665
INV101009,C00408,2024-10-29,7,20,308.55,2.857142857142857
INV101010,C00067,2024-09-30,1,4,43.6,4.0
INV101011,C00293,2024-12-23,5,20,316.86,4.0
INV101012,C00320,2024-12-23,4,12,132.37,3.0
INV101013,C00071,2024-09-09,1,3,23.28,3.0
INV101014,C00247,2024-10-13,3,8,127.61,2.6666666666666665
INV101015,C00114,2024-03-05,2,9,157.05,4.5
INV101016,C00004,2024-04-09,8,23,288.74,2.875
INV101017,C00241,2024-04-07,4,7,57.57,1.75
INV101018,C00214,2024-09-28,2,6,34.8,3.0
INV101019,C00465,2024-07-18,4,15,358.06,3.75
INV101020,C00250,2024-03-25,27,771,11359.6,28.555555555555557
INV101021,C00447,2024-12-13,7,13,296.69,1.8571428571428572
INV101022,C00302,2024-03-04,8,26,343.8,3.25
INV101023,C00423,2024-07-08,5,18,351.97,3.6
INV101024,C00045,2024-04-02,1,3,19.11,3.0
INV101025,C00322,2024-05-10,1,1,8.27,1.0
INV101026,C00092,2024-06-19,1,5,85.3,5.0
INV101027,C00198,2024-09-27,12,35,489.5,2.9166666666666665
INV101028,C00169,2024-07-07,7,25,366.61,3.5714285714285716
INV101029,C00348,2024-12-02,5,17,211.13,3.4
INV101030,C00128,2024-10-27,5,16,291.01,3.2
INV101031,C00038,2024-09-06,9,29,310.5,3.2222222222222223
INV101032,C00480,2024-04-29,4,11,164.05,2.75
INV101033,C00147,2024-08-06,14,36,589.09,2.5714285714285716
INV101034,C00114,2024-05-19,30,833,8911.76,27.766666666666666
INV101035,C00220,2024-11-03,2,4,80.25999999999999,2.0
INV101036,C00370,2024-11-15,4,10,132.81,2.5
INV101037,C00487,2024-10-18,4,13,221.3,3.25
INV101038,C00134,2024-07-13,4,9,70.25,2.25
INV101039,C00306,2024-12-25,4,12,81.44,3.0
INV101040,C00237,2024-07-30,3,9,126.68,3.0
INV101041,C00159,2024-06-07,1,1,19.79,1.0
INV101042,C00119,2024-01-05,1,3,96.0,3.0
INV101043,C00071,2024-07-01,9,28,305.36,3.111111111111111
INV101044,C00151,2024-06-24,5,11,308.53,2.2
INV101045,C00103,2024-11-24,5,12,125.47999999999999,2.4
INV101046,C00017,2024-07-09,8,24,362.54,3.0
INV101047,C00028,2024-03-12,8,21,164.78,2.625
INV101048,C00433,2024-05-17,4,11,160.73000000000002,2.75
INV101049,C00406,2024-12-12,1,3,133.23,3.0
INV101050,C00006,2024-03-09,4,11,173.71999999999997,2.75
INV101051,C00478,2024-07-13,13,42,635.21,3.230769230769231
INV101052,C00118,2024-01-02,2,5,45.79,2.5
INV101053,C00078,2024-02-05,5,23,231.22,4.6
INV101054,C00410,2024-02-06,5,15,222.53,3.0
INV101055,C00146,2024-07-28,2,4,83.64999999999999,2.0
INV101056,C00033,2024-06-10,2,6,54.03,3.0
INV101057,C00402,2024-11-10,3,10,128.91,3.3333333333333335
INV101058,C00094,2024-04-08,1,2,14.76,2.0
INV101059,C00409,2024-10-31,15,35,531.74,2.3333333333333335
INV101060,C00179,2024-10-14,8,25,538.92,3.125
INV101061,C00372,2024-09-10,5,19,243.14999999999998,3.8
INV101062,C00048,2024-03-07,3,11,152.29,3.6666666666666665
INV101063,C00077,2024-07-17,4,11,239.15,2.75
INV101064,C00450,2024-07-24,2,4,32.54,2.0
INV101065,C00224,2024-09-01,2,3,32.94,1.5
INV101066,C00462,2024-08-27,5,15,201.48,3.0
INV101067,C00447,2024-12-13,7,20,384.74,2.857142857142857
INV101068,C00359,2024-06-07,12,41,590.95,3.4166666666666665
INV101069,C00289,2024-07-31,7,19,256.67,2.7142857142857144
INV101070,C00374,2024-03-20,2,4,64.62,2.0
INV101071,C00477,2024-08-11,14,32,399.83,2.2857142857142856
INV101072,C00252,2024-09-29,4,8,155.07999999999998,2.0
INV101073,C00207,2024-06-27,1,1,13.76,1.0
INV101074,C00416,2024-04-20,1,4,111.12,4.0
INV101075,C00405,2024-12-06,1,5,59.8,5.0
INV101076,C00466,2024-02-15,5,16,172.67000000000002,3.2
INV101077,C00440,2024-07-14,6,21,432.25,3.5
INV101078,C00398,2024-06-14,1,4,65.28,4.0
INV101079,C00095,2024-08-07,4,13,311.31,3.25
INV101080,C00364,2024-09-03,2,8,125.53,4.0
INV101081,C00066,2024-06-17,4,14,132.58,3.5
INV101082,C00295,2024-07-09,7,23,297.32,3.2857142857142856
INV101083,C00044,2024-01-24,6,16,130.64,2.6666666666666665
INV101084,C00291,2024-11-14,4,12,155.82999999999998,3.0
INV101085,C00411,2024-05-27,8,19,274.44,2.375
INV101086,C00275,2024-04-05,1,1,7.2,1.0
INV101087,C00244,2024-07-24,1,4,25.56,4.0
INV101088,C00335,2024-04-18,1,2,29.28,2.0
INV101089,C00327,2024-01-30,8,30,422.81,3.75
INV101090,C00270,2024-06-11,1,2,13.46,2.0
INV101091,C00471,2024-05-30,5,24,370.86,4.8
INV101092,C00405,2024-01-29,1,4,11.84,4.0
INV101093,C00247,2024-05-04,2,4,52.36,2.0
INV101094,C00359,2024-12-14,7,25,232.75,3.5714285714285716
INV101095,C00241,2024-12-11,5,16,173.55,3.2
INV101096,C00487,2024-04-17,8,31,410.63,3.875
INV101097,C00477,2024-11-21,14,44,722.92,3.142857142857143
INV101098,C00476,2024-08-15,1,1,2.62,1.0
INV101099,C00004,2024-06-07,4,12,181.98,3.0
INV101100,C00020,2024-11-09,4,16,308.1,4.0
INV101101,C00463,2024-09-10,2,7,75.0,3.5
INV101102,C00218,2024-08-30,1,3,15.3,3.0
INV101103,C00183,2024-07-16,4,16,318.28,4.0
INV101104,C00381,2024-08-18,3,7,78.99,2.3333333333333335
INV101105,C00367,2024-09-10,2,8,89.24,4.0
INV101106,C00478,2024-12-19,18,45,503.11,2.5
INV101107,C00336,2024-08-24,8,34,582.33,4.25
INV101108,C00246,2024-05-21,4,8,97.95,2.0
INV101109,C00106,2024-08-14,2,6,167.52,3.0
INV101110,C00411,2024-11-13,7,19,176.87,2.7142857142857144
INV101111,C00396,2024-04-20,7,21,237.87,3.0
INV101112,C00226,2024-04-14,1,1,4.37,1.0
INV101113,C00113,2024-11-09,7,21,410.85,3.0
INV101114,C00217,2024-03-23,5,18,495.7,3.6
INV101115,C00143,2024-08-11,9,29,521.09,3.2222222222222223
INV101116,C00026,2024-10-04,8,22,273.38,2.75
INV101117,C00306,2024-05-21,1,5,166.35,5.0
INV101118,C00147,2024-12-19,8,25,377.65,3.125
INV101119,C00166,2024-11-02,12,38,443.02,3.1666666666666665
INV101120,C00224,2024-08-24,1,3,43.92,3.0
INV101121,C00136,2024-10-15,2,7,83.1,3.5
INV101122,C00241,2024-06-24,2,7,60.43,3.5
INV101123,C00456,2024-08-12,8,27,393.46,3.375
INV101124,C00254,2024-11-03,1,5,30.4,5.0
INV101125,C00353,2024-06-01,28,717,8872.89,25.607142857142858
INV101126,C00056,2024-06-03,7,17,173.29,2.4285714285714284
INV101127,C00145,2024-03-24,2,7,104.07000000000001,3.5
INV101128,C00457,2024-09-11,4,10,224.08,2.5
INV101129,C00319,2024-02-27,2,9,134.23000000000002,4.5
INV101130,C00041,2024-05-27,5,14,126.64,2.8
INV101131,C00333,2024-11-30,12,37,504.37,3.0833333333333335
INV101132,C00134,2024-06-03,14,35,468.77,2.5
INV101133,C00276,2024-10-14,4,13,191.89,3.25
INV101134,C00495,2024-06-26,1,5,96.5,5.0
INV101135,C00119,2024-09-12,1,5,35.05,5.0
INV101136,C00034,2024-02-18,9,23,280.42,2.5555555555555554
INV101137,C00345,2024-04-27,7,25,438.4,3.5714285714285716
INV101138,C00353,2024-07-09,2,6,160.4,3.0
INV101139,C00365,2024-09-27,12,36,399.87,3.0
INV101140,C00296,2024-11-29,2,8,90.85,4.0
INV101141,C00199,2024-10-27,2,4,54.92,2.0
INV101142,C00077,2024-03-26,5,17,197.2,3.4
INV101143,C00179,2024-08-10,5,17,206.35,3.4
INV101144,C00021,2024-05-10,7,20,209.39,2.857142857142857
INV101145,C00368,2024-04-04,1,3,53.19,3.0
INV101146,C00245,2024-06-12,2,3,84.35,1.5
INV101147,C00487,2024-08-17,7,17,205.0,2.4285714285714284
INV101148,C00433,2024-06-26,3,13,221.25,4.333333333333333
INV101149,C00126,2024-01-21,3,10,68.08,3.3333333333333335
INV101150,C00327,2024-03-28,12,38,396.24,3.1666666666666665
INV101151,C00461,2024-11-20,5,11,165.26,2.2
INV101152,C00338,2024-05-26,1,5,38.8,5.0
INV101153,C00147,2024-04-27,14,43,547.13,3.0714285714285716
INV101154,C00120,2024-10-02,2,8,51.160000000000004,4.0
INV101155,C00098,2024-11-04,4,10,143.87,2.5
INV101156,C00468,2024-05-21,4,8,95.32,2.0
INV101157,C00397,2024-09-08,2,5,75.91,2.5
INV101158,C00327,2024-09-08,9,29,492.20000000000005,3.2222222222222223
INV101159,C00106,2024-12-02,5,14,212.23000000000002,2.8
INV101160,C00309,2024-07-05,1,4,68.68,4.0
INV101161,C00257,2024-09-19,8,26,359.86,3.25
INV101162,C00158,2024-07-09,1,2,46.04,2.0
INV101163,C00201,2024-10-30,7,21,221.82999999999998,3.0
INV101164,C00272,2024-07-13,2,4,55.86,2.0
INV101165,C00118,2024-08-27,1,1,6.01,1.0
INV101166,C00229,2024-05-24,8,25,385.59,3.125
INV101167,C00438,2024-05-10,2,6,118.69,3.0
INV101168,C00104,2024-01-26,1,1,5.12,1.0
INV101169,C00358,2024-09-12,5,18,155.29999999999998,3.6
INV101170,C00152,2024-10-02,5,16,198.65,3.2
INV101171,C00291,2024-09-04,4,15,238.61,3.75
INV101172,C00078,2024-11-30,1,5,185.0,5.0
INV101173,C00145,2024-11-18,5,8,45.37,1.6
INV101174,C00298,2024-02-13,4,12,150.16,3.0
INV101175,C00249,2024-07-16,1,4,14.4,4.0
INV101176,C00021,2024-12-25,9,24,271.40000000000003,2.6666666666666665
INV101177,C00238,2024-04-23,2,5,50.97,2.5
INV101178,C00276,2024-12-12,7,27,306.45,3.857142857142857
INV101179,C00135,2024-03-21,5,15,240.62,3.0
INV101180,C00158,2024-09-05,1,5,66.9,5.0
INV101181,C00430,2024-03-27,2,2,36.19,1.0
INV101182,C00100,2024-02-28,1,4,38.84,4.0
INV101183,C00162,2024-01-30,8,25,402.46,3.125
INV101184,C00032,2024-08-17,6,25,328.58,4.166666666666667
INV101185,C00481,2024-05-24,4,15,365.27,3.75
INV101186,C00202,2024-07-31,2,9,58.3,4.5
INV101187,C00209,2024-02-22,4,13,216.03,3.25
INV101188,C00069,2024-02-12,3,9,97.18,3.0
INV101189,C00279,2024-02-18,4,12,161.87,3.0
INV101190,C00458,2024-10-11,5,16,306.47999999999996,3.2
INV101191,C00286,2024-08-07,4,19,214.76,4.75
INV101192,C00479,2024-11-11,4,17,215.95,4.25
INV101193,C00257,2024-04-11,4,11,238.69,2.75
INV101194,C00477,2024-10-12,7,19,456.03000000000003,2.7142857142857144
INV101195,C00157,2024-11-20,2,6,70.74000000000001,3.0
INV101196,C00104,2024-09-20,7,16,175.59,2.2857142857142856
INV101197,C00433,2024-08-12,1,3,27.09,3.0
INV101198,C00254,2024-08-30,5,16,199.77,3.2
INV101199,C00095,2024-08-06,13,45,534.88,3.4615384615384617
INV101200,C00024,2024-10-22,2,5,88.14,2.5
INV101201,C00264,2024-09-08,4,14,159.19,3.5
INV101202,C00492,2024-03-15,6,19,374.90000000000003,3.1666666666666665
INV101203,C00459,2024-08-08,7,21,209.60999999999999,3.0
INV101204,C00432,2024-10-06,18,52,572.88,2.888888888888889
INV101205,C00371,2024-05-01,3,7,54.41,2.3333333333333335
INV101206,C00432,2024-06-04,4,13,89.86,3.25
INV101207,C00128,2024-09-20,4,15,234.61,3.75
INV101208,C00209,2024-07-17,4,11,94.61,2.75
INV101209,C00151,2024-06-05,8,24,473.4,3.0
INV101210,C00223,2024-03-27,1,2,51.66,2.0
INV101211,C00314,2024-04-14,1,2,34.72,2.0
INV101212,C00463,2024-03-26,1,1,22.03,1.0
INV101213,C00213,2024-09-12,6,19,405.46000000000004,3.1666666666666665
INV101214,C00272,2024-07-22,7,19,170.99,2.7142857142857144
INV101215,C00271,2024-12-05,4,11,84.58,2.75
INV101216,C00388,2024-06-23,3,5,49.72,1.6666666666666667
INV101217,C00112,2024-12-07,5,20,419.46,4.0
INV101218,C00126,2024-07-28,2,10,169.7,5.0
INV101219,C00166,2024-05-04,12,33,384.77,2.75
INV101220,C00274,2024-04-17,1,1,5.36,1.0
INV101221,C00326,2024-10-24,1,3,52.08,3.0
INV101222,C00272,2024-07-18,8,21,319.03,2.625
INV101223,C00310,2024-05-17,4,15,157.21,3.75
INV101224,C00273,2024-10-12,2,5,28.79,2.5
INV101225,C00020,2024-05-11,2,6,111.82,3.0
INV101226,C00328,2024-12-28,7,24,338.14,3.4285714285714284
INV101227,C00188,2024-04-07,2,3,92.7,1.5
INV101228,C00094,2024-08-07,3,13,215.04000000000002,4.333333333333333
INV101229,C00488,2024-07-10,8,20,252.74,2.5
INV101230,C00197,2024-04-20,1,4,20.16,4.0
INV101231,C00015,2024-01-31,2,8,111.16,4.0
INV101232,C00466,2024-08-29,1,3,19.17,3.0
INV101233,C00179,2024-10-23,4,12,211.3,3.0
INV101234,C00383,2024-05-08,7,19,415.76,2.7142857142857144
INV101235,C00118,2024-01-02,2,6,83.08000000000001,3.0
INV101236,C00387,2024-09-20,10,31,404.61,3.1
INV101237,C00330,2024-01-10,1,1,12.75,1.0
INV101238,C00375,2024-12-03,1,5,79.35,5.0
INV101239,C00288,2024-12-01,2,2,24.979999999999997,1.0
INV101240,C00343,2024-04-21,9,27,557.38,3.0
INV101241,C00181,2024-01-01,1,4,67.04,4.0
INV101242,C00238,2024-09-15,4,15,168.95,3.75
INV101243,C00241,2024-11-01,2,8,86.6,4.0
INV101244,C00396,2024-06-26,7,25,331.49,3.5714285714285716
INV101245,C00138,2024-01-10,2,8,130.85999999999999,4.0
INV101246,C00404,2024-10-07,1,3,48.66,3.0
INV101247,C00324,2024-01-14,1,3,32.55,3.0
INV101248,C00101,2024-02-25,1,5,99.8,5.0
INV101249,C00409,2024-06-29,7,21,228.54,3.0
INV101250,C00379,2024-02-15,8,29,503.99,3.625
INV101251,C00199,2024-11-05,7,27,566.63,3.857142857142857
INV101252,C00019,2024-11-19,1,3,67.11,3.0
INV101253,C00242,2024-04-27,5,15,289.43,3.0
INV101254,C00470,2024-07-06,12,46,683.87,3.8333333333333335
INV101255,C00274,2024-01-23,1,3,34.11,3.0
INV101256,C00379,2024-03-27,7,12,143.06,1.7142857142857142
INV101257,C00203,2024-05-05,2,6,38.660000000000004,3.0
INV101258,C00220,2024-06-28,9,23,272.72,2.5555555555555554
INV101259,C00337,2024-09-17,4,11,96.44999999999999,2.75
INV101260,C00096,2024-08-09,7,22,394.03,3.142857142857143
INV101261,C00397,2024-08-30,1,4,26.08,4.0
INV101262,C00461,2024-10-04,1,4,64.88,4.0
INV101263,C00328,2024-10-22,5,9,121.11999999999999,1.8
INV101264,C00260,2024-08-11,2,10,160.55,5.0
INV101265,C00007,2024-05-15,5,16,283.87,3.2
INV101266,C00276,2024-09-04,4,9,97.3,2.25
INV101267,C00090,2024-10-07,3,9,132.26,3.0
INV101268,C00481,2024-05-02,2,3,35.370000000000005,1.5
INV101269,C00481,2024-02-25,4,18,317.87,4.5
INV101270,C00236,2024-09-22,2,7,183.98,3.5
INV101271,C00405,2024-10-01,4,13,136.46,3.25
INV101272,C00441,2024-05-27,5,13,130.68,2.6
INV101273,C00468,2024-01-29,7,22,197.16,3.142857142857143
INV101274,C00055,2024-10-29,4,10,132.82999999999998,2.5
INV101275,C00098,2024-09-23,12,30,344.62,2.5
INV101276,C00226,2024-07-05,4,15,210.09,3.75
INV101277,C00213,2024-03-20,2,10,145.4,5.0
INV101278,C00469,2024-10-08,1,3,35.76,3.0
INV101279,C00375,2024-11-11,2,2,22.86,1.0
INV101280,C00071,2024-03-25,15,41,449.44,2.7333333333333334
INV101281,C00000,2024-05-24,5,16,163.26999999999998,3.2
INV101282,C00093,2024-03-29,1,4,34.56,4.0
INV101283,C00326,2024-04-21,2,9,142.35000000000002,4.5
INV101284,C00200,2024-02-15,2,8,128.44,4.0
INV101285,C00411,2024-05-14,8,25,240.70000000000002,3.125
INV101286,C00081,2024-08-07,4,15,124.77000000000001,3.75
INV101287,C00215,2024-06-26,2,4,21.5,2.0
INV101288,C00245,2024-11-24,4,12,127.80000000000001,3.0
INV101289,C00334,2024-08-29,5,13,193.62,2.6
INV101290,C00440,2024-09-28,5,17,205.84,3.4
INV101291,C00425,2024-06-02,4,12,221.93,3.0
INV101292,C00317,2024-11-27,5,13,137.78,2.6
INV101293,C00328,2024-06-29,2,7,69.52,3.5
INV101294,C00270,2024-04-15,5,15,154.55,3.0
INV101295,C00327,2024-08-16,7,14,195.1,2.0
INV101296,C00097,2024-11-26,7,27,300.47,3.857142857142857
INV101297,C00112,2024-09-18,2,6,179.76,3.0
INV101298,C00435,2024-09-17,6,15,178.87,2.5
INV101299,C00362,2024-02-12,9,35,444.92,3.888888888888889
INV101300,C00271,2024-12-08,18,51,764.8,2.8333333333333335
INV101301,C00124,2024-07-13,2,5,47.84,2.5
INV101302,C00307,2024-09-15,8,22,204.4,2.75
INV101303,C00397,2024-08-20,1,5,64.65,5.0
INV101304,C00473,2024-10-06,3,10,149.52,3.3333333333333335
INV101305,C00095,2024-11-02,9,26,360.16999999999996,2.888888888888889
INV101306,C00306,2024-08-29,1,3,51.9,3.0
INV101307,C00238,2024-03-27,2,4,33.04,2.0
INV101308,C00195,2024-03-31,5,19,239.68,3.8
INV101309,C00030,2024-02-15,3,12,233.51,4.0
INV101310,C00298,2024-04-03,2,5,43.349999999999994,2.5
INV101311,C00350,2024-04-25,5,12,138.16,2.4
INV101312,C00267,2024-09-08,4,9,103.66999999999999,2.25
INV101313,C00319,2024-06-09,4,7,94.86,1.75
INV101314,C00478,2024-11-28,7,23,327.85,3.2857142857142856
INV101315,C00390,2024-05-18,4,11,152.7,2.75
INV101316,C00268,2024-06-23,5,17,177.54000000000002,3.4
INV101317,C00348,2024-12-10,1,2,105.94,2.0
INV101318,C00016,2024-02-16,4,10,102.22,2.5
INV101319,C00199,2024-02-09,9,19,239.79,2.111111111111111
INV101320,C00478,2024-11-09,2,5,108.79,2.5
INV101321,C00252,2024-04-12,1,2,12.76,2.0
INV101322,C00119,2024-05-05,8,27,123.65,3.375
INV101323,C00017,2024-02-18,11,28,441.2,2.5454545454545454
INV101324,C00226,2024-09-19,2,6,143.69,3.0
INV101325,C00279,2024-08-12,2,6,63.56,3.0
INV101326,C00031,2024-05-29,7,23,417.6,3.2857142857142856
INV101327,C00169,2024-09-10,1,2,35.24,2.0
INV101328,C00289,2024-10-10,12,32,550.77,2.6666666666666665
INV101329,C00108,2024-05-27,6,20,181.58999999999997,3.3333333333333335
INV101330,C00198,2024-12-04,2,4,84.77000000000001,2.0
INV101331,C00472,2024-11-18,1,5,79.35,5.0
INV101332,C00373,2024-09-02,4,16,202.09,4.0
INV101333,C00330,2024-04-09,1,5,31.65,5.0
INV101334,C00327,2024-08-04,9,28,494.52,3.111111111111111
INV101335,C00197,2024-10-28,4,13,181.57,3.25
INV101336,C00489,2024-08-30,1,5,64.75,5.0
INV101337,C00190,2024-07-08,2,4,136.84,2.0
INV101338,C00432,2024-11-19,9,27,268.67,3.0
INV101339,C00179,2024-06-21,4,18,316.02,4.5
INV101340,C00351,2024-05-29,1,3,32.55,3.0
INV101341,C00226,2024-07-09,4,12,118.04,3.0
INV101342,C00128,2024-07-08,4,11,290.03,2.75
INV101343,C00259,2024-07-03,4,11,146.08,2.75
INV101344,C00291,2024-02-21,2,7,148.03,3.5
INV101345,C00229,2024-10-01,8,23,584.55,2.875
INV101346,C00394,2024-07-15,3,13,147.0,4.333333333333333
INV101347,C00018,2024-09-11,6,20,262.81,3.3333333333333335
INV101348,C00180,2024-07-09,4,16,211.94,4.0
INV101349,C00007,2024-09-09,6,9,84.57,1.5
INV101350,C00034,2024-03-02,3,8,102.22,2.6666666666666665
INV101351,C00124,2024-09-14,4,12,89.65,3.0
INV101352,C00153,2024-10-25,1,3,78.48,3.0
INV101353,C00199,2024-12-11,9,26,259.34,2.888888888888889
INV101354,C00478,2024-11-27,2,6,86.17,3.0
INV101355,C00295,2024-07-09,17,58,736.5400000000001,3.411764705882353
INV101356,C00272,2024-06-17,2,6,98.97999999999999,3.0
INV101357,C00180,2024-12-10,4,10,139.68,2.5
INV101358,C00347,2024-09-22,1,1,12.52,1.0
INV101359,C00047,2024-07-27,4,13,171.16,3.25
INV101360,C00488,2024-06-10,5,14,137.62,2.8
INV101361,C00456,2024-04-06,14,42,795.89,3.0
INV101362,C00075,2024-03-12,4,15,162.21,3.75
INV101363,C00382,2024-07-17,4,10,93.28,2.5
INV101364,C00303,2024-08-24,4,15,172.01999999999998,3.75
INV101365,C00404,2024-09-02,8,24,334.56,3.0
INV101366,C00144,2024-11-11,1,2,13.7,2.0
INV101367,C00237,2024-08-18,1,4,21.64,4.0
INV101368,C00235,2024-03-03,2,6,67.17,3.0
INV101369,C00098,2024-04-22,2,9,98.82000000000001,4.5
INV101370,C00270,2024-02-13,4,17,124.06,4.25
INV101371,C00111,2024-04-28,6,22,311.99,3.6666666666666665
INV101372,C00202,2024-07-26,3,7,107.32,2.3333333333333335
INV101373,C00199,2024-11-04,1,4,25.56,4.0
INV101374,C00436,2024-06-05,5,16,163.66,3.2
INV101375,C00362,2024-07-27,1,2,39.46,2.0
INV101376,C00468,2024-06-25,31,839,10169.32,27.06451612903226
INV101377,C00052,2024-12-29,7,25,274.13,3.5714285714285716
INV101378,C00129,2024-07-18,7,11,121.0,1.5714285714285714
INV101379,C00328,2024-03-05,5,11,213.6,2.2
INV101380,C00172,2024-05-09,3,7,77.39,2.3333333333333335
INV101381,C00408,2024-12-13,2,5,46.12,2.5
INV101382,C00379,2024-05-30,4,11,254.56,2.75
INV101383,C00022,2024-02-22,7,20,113.14,2.857142857142857
INV101384,C00001,2024-05-05,13,49,847.81,3.769230769230769
INV101385,C00178,2024-02-27,5,15,389.58000000000004,3.0
INV101386,C00456,2024-04-23,7,23,443.53999999999996,3.2857142857142856
INV101387,C00134,2024-02-09,10,29,292.08,2.9
INV101388,C00425,2024-09-07,2,6,36.55,3.0
INV101389,C00054,2024-09-12,5,19,254.97,3.8
INV101390,C00286,2024-08-07,3,8,81.63,2.6666666666666665
INV101391,C00126,2024-05-27,3,12,82.74,4.0
INV101392,C00280,2024-05-07,5,21,337.34,4.2
INV101393,C00483,2024-03-13,2,9,177.09,4.5
INV101394,C00259,2024-02-11,4,7,71.83,1.75
INV101395,C00410,2024-05-07,5,13,121.77,2.6
INV101396,C00056,2024-01-22,2,4,35.86,2.0
INV101397,C00362,2024-03-05,4,14,268.82,3.5
INV101398,C00242,2024-09-03,1,4,48.24,4.0
INV101399,C00165,2024-06-01,5,16,238.95,3.2
INV101400,C00271,2024-11-29,2,2,23.75,1.0
INV101401,C00401,2024-09-30,1,3,18.54,3.0
INV101402,C00468,2024-08-28,1,5,36.2,5.0
INV101403,C00012,2024-11-19,2,9,93.93,4.5
INV101404,C00488,2024-09-17,2,3,29.61,1.5
INV101405,C00479,2024-06-03,7,25,354.94000000000005,3.5714285714285716
INV101406,C00192,2024-08-15,5,18,216.70999999999998,3.6
INV101407,C00065,2024-09-10,4,9,158.92000000000002,2.25
INV101408,C00014,2024-09-23,4,12,104.08,3.0
INV101409,C00327,2024-07-29,7,19,392.16,2.7142857142857144
INV101410,C00345,2024-05-14,1,2,16.98,2.0
INV101411,C00270,2024-05-07,4,12,203.68,3.0
INV101412,C00428,2024-02-25,5,21,319.68,4.2
INV101413,C00120,2024-09-28,4,10,112.66999999999999,2.5
INV101414,C00152,2024-08-25,4,8,161.04,2.0
INV101415,C00456,2024-06-06,7,19,295.4,2.7142857142857144
INV101416,C00228,2024-07-12,3,11,186.3,3.6666666666666665
INV101417,C00023,2024-09-01,8,29,480.3,3.625
INV101418,C00401,2024-03-23,3,9,92.06,3.0
INV101419,C00096,2024-07-19,1,5,235.5,5.0
INV101420,C00241,2024-11-27,1,2,14.22,2.0
INV101421,C00138,2024-09-04,1,4,33.16,4.0
INV101422,C00373,2024-04-24,1,2,9.26,2.0
INV101423,C00041,2024-03-09,8,27,387.59000000000003,3.375
INV101424,C00251,2024-08-10,3,8,78.27,2.6666666666666665
INV101425,C00081,2024-02-16,8,14,230.93,1.75
INV101426,C00023,2024-07-02,12,39,385.45,3.25
INV101427,C00348,2024-12-21,12,39,530.67,3.25
INV101428,C00242,2024-08-23,8,22,312.44,2.75
INV101429,C00143,2024-08-19,9,27,281.34,3.0
INV101430,C00323,2024-11-13,1,2,15.52,2.0
INV101431,C00147,2024-07-18,9,26,209.0,2.888888888888889
INV101432,C00284,2024-02-13,2,7,123.38,3.5
INV101433,C00141,2024-12-17,2,3,29.39,1.5
INV101434,C00312,2024-12-03,1,4,36.12,4.0
INV101435,C00432,2024-06-12,7,20,229.22,2.857142857142857
INV101436,C00405,2024-10-07,4,11,135.29,2.75
INV101437,C00204,2024-09-26,4,12,141.02,3.0
INV101438,C00217,2024-09-15,4,12,79.5,3.0
INV101439,C00017,2024-09-17,2,6,93.03,3.0
INV101440,C00266,2024-03-23,8,27,443.99,3.375
INV101441,C00052,2024-07-24,1,2,30.74,2.0
INV101442,C00144,2024-10-28,2,7,32.18,3.5
INV101443,C00021,2024-08-19,4,14,141.26,3.5
INV101444,C00179,2024-12-22,2,6,53.21,3.0
INV101445,C00418,2024-10-05,2,5,107.14,2.5
INV101446,C00387,2024-11-11,17,48,476.28,2.823529411764706
INV101447,C00465,2024-05-04,2,3,17.28,1.5
INV101448,C00045,2024-04-29,2,8,57.96,4.0
INV101449,C00232,2024-06-21,2,7,86.31,3.5
INV101450,C00424,2024-08-22,4,12,193.65,3.0
INV101451,C00348,2024-10-22,2,5,72.67,2.5
INV101452,C00190,2024-07-27,4,14,174.45000000000002,3.5
INV101453,C00016,2024-08-24,1,3,33.9,3.0
INV101454,C00073,2024-09-23,1,2,37.3,2.0
INV101455,C00218,2024-10-04,1,1,14.16,1.0
INV101456,C00003,2024-07-29,1,3,27.09,3.0
INV101457,C00004,2024-10-31,11,32,472.51,2.909090909090909
INV101458,C00320,2024-07-30,4,8,86.87,2.0
INV101459,C00457,2024-10-01,5,20,256.77,4.0
INV101460,C00067,2024-12-12,1,1,20.16,1.0
INV101461,C00004,2024-09-23,8,18,246.35999999999999,2.25
INV101462,C00403,2024-04-03,6,22,254.56,3.6666666666666665
INV101463,C00001,2024-09-15,4,14,192.47,3.5
INV101464,C00004,2024-06-23,1,3,34.77,3.0
INV101465,C00434,2024-03-17,2,6,111.91999999999999,3.0
INV101466,C00129,2024-10-28,4,9,257.0,2.25
INV101467,C00333,2024-05-07,4,15,260.74,3.75
INV101468,C00212,2024-04-04,1,2,30.52,2.0
INV101469,C00359,2024-07-29,9,25,225.49,2.7777777777777777
INV101470,C00266,2024-09-07,10,27,272.6,2.7
INV101471,C00122,2024-01-12,3,10,194.32999999999998,3.3333333333333335
INV101472,C00054,2024-11-04,2,5,95.38,2.5
INV101473,C00248,2024-01-18,4,17,151.82,4.25
INV101474,C00166,2024-09-24,10,19,203.53,1.9
INV101475,C00267,2024-03-05,9,27,296.06,3.0
INV101476,C00171,2024-05-03,3,4,126.18,1.3333333333333333
INV101477,C00018,2024-05-22,3,13,238.75,4.333333333333333
INV101478,C00317,2024-10-20,8,24,319.25,3.0
INV101479,C00318,2024-05-16,2,5,46.42,2.5
INV101480,C00020,2024-10-20,14,44,798.58,3.142857142857143
INV101481,C00396,2024-11-11,5,20,512.72,4.0
INV101482,C00102,2024-05-20,3,8,41.9,2.6666666666666665
INV101483,C00230,2024-07-16,2,3,28.46,1.5
INV101484,C00038,2024-09-24,7,25,230.52,3.5714285714285716
INV101485,C00242,2024-06-07,5,22,264.23,4.4
INV101486,C00219,2024-06-21,4,10,124.12,2.5
INV101487,C00185,2024-10-02,5,11,129.79,2.2
INV101488,C00275,2024-05-14,1,5,38.95,5.0
INV101489,C00227,2024-05-17,7,20,234.98,2.857142857142857
INV101490,C00245,2024-05-27,2,5,71.14,2.5
INV101491,C00198,2024-10-17,4,15,128.5,3.75
INV101492,C00000,2024-07-17,4,16,259.6,4.0
INV101493,C00231,2024-05-30,3,8,102.57,2.6666666666666665
INV101494,C00022,2024-08-17,2,5,35.8,2.5
INV101495,C00194,2024-06-23,4,12,279.1,3.0
INV101496,C00307,2024-03-27,5,9,87.02000000000001,1.8
INV101497,C00004,2024-03-16,1,5,127.05,5.0
INV101498,C00194,2024-06-09,4,8,101.58,2.0
INV101499,C00433,2024-10-27,5,19,269.8,3.8
